project_name,country_name,site_name,latitude,longitude,reef_exposure,reef_type,reef_zone,sample_date_year,sample_date_month,sample_date_day,tide_name,visibility_name,current_name,depth_avg,management_name,management_name_secondary,management_est_year,management_size,management_parties,management_compliance,management_rules,sample_unit_count,percent_cover_by_benthic_category_avg,site_notes,management_notes,aca_benthic,aca_geomorphic,beyer_score,beyer_scorecn,beyer_scorecy,beyer_scorepfc,beyer_scoreth,beyer_scoretr,andrello_grav_nc,andrello_sediment,andrello_nutrient,andrello_pop_count,andrello_num_ports,andrello_reef_value,andrello_cumul_score,id,site_id,project_id,project_notes,contact_link,tags,country_id,management_id,sample_event_id,data_policy_benthicpit
Taka Bonerate 2015,Indonesia,Ampalas Barat,-6.92243,121.28002,sheltered,atoll,back reef,2015,4,22,,>10m - excellent,,5.5,Core Zone,Zona Inti,2015,,"community, local government, government, NGO",full,no take,6,"{'Sand': 9.83, 'Other': 0.0, 'Rubble': 7.83, 'Seagrass': 31.33, 'Hard coral': 25.67, 'Macroalgae': 2.5, 'Soft coral': 2.33, 'Turf algae': 0.0, 'Cyanobacteria': 0.0, 'Bare substrate': 17.83, 'Other invertebrates': 2.67, 'Crustose coralline algae': 0.0}",,,Coral/Algae,Shallow Lagoon,0.06255,0.910380007,0.761780006,0.092920001,-0.02427,-0.142390001,1.538432079,0,0,0,0,0,0.106514645,1e2bc901-23e8-43f7-806b-a355216f8ac3,c1eb38ae-fd06-4ae4-9647-6df6f47e938d,1277efc2-db70-4b8e-97e3-3237a7dae3d3,,https://datamermaid.org/contact-project?project_id=1277efc2-db70-4b8e-97e3-3237a7dae3d3,"[{'id': 'f6ee519b-d993-4944-84c1-2fdb960c4530', 'name': 'Vibrant Oceans'}, {'id': 'e44cbd3d-e3ca-451d-aef2-200623fe265b', 'name': 'WCS Indonesia'}]",c570ff86-4992-4fa1-939a-3ce433f80dcb,b7076414-295a-45e2-a423-b7051100d687,1e2bc901-23e8-43f7-806b-a355216f8ac3,public summary
Taka Bonerate 2015,Indonesia,Ampalas Timur,-6.922428003,121.280016,semi-exposed,fringing,fore reef,2015,4,22,,>10m - excellent,,5.5,Core Zone,Zona Inti,2015,,"community, local government, government, NGO",full,no take,6,"{'Sand': 6.83, 'Other': 0.0, 'Rubble': 11.0, 'Seagrass': 34.67, 'Hard coral': 19.83, 'Macroalgae': 1.5, 'Soft coral': 5.83, 'Turf algae': 0.5, 'Cyanobacteria': 0.0, 'Bare substrate': 16.67, 'Other invertebrates': 3.17, 'Crustose coralline algae': 0.0}","Reef Zone, Reef Type, Exposure belum sesuai",,Coral/Algae,Shallow Lagoon,0.06255,0.91038,0.76178,0.09292,-0.02427,-0.14239,1.538432068,0,0,0,0,0,0.106514645,c15ea323-c243-4286-a2e5-e33a2f0dc72a,0e677780-d1c3-4143-b698-5ec38a1b0972,1277efc2-db70-4b8e-97e3-3237a7dae3d3,,https://datamermaid.org/contact-project?project_id=1277efc2-db70-4b8e-97e3-3237a7dae3d3,"[{'id': 'f6ee519b-d993-4944-84c1-2fdb960c4530', 'name': 'Vibrant Oceans'}, {'id': 'e44cbd3d-e3ca-451d-aef2-200623fe265b', 'name': 'WCS Indonesia'}]",c570ff86-4992-4fa1-939a-3ce433f80dcb,b7076414-295a-45e2-a423-b7051100d687,c15ea323-c243-4286-a2e5-e33a2f0dc72a,public summary
Taka Bonerate 2015,Indonesia,Belang-Belang,-6.39778,121.09569,exposed,atoll,fore reef,2015,4,12,,>10m - excellent,,5,Utilization Tourism,Pemanfaatan Pariwisata,2015,,NGO,none,open access,6,"{'Sand': 0.33, 'Other': 0.0, 'Rubble': 1.0, 'Seagrass': 0.0, 'Hard coral': 17.67, 'Macroalgae': 2.67, 'Soft coral': 19.17, 'Turf algae': 10.0, 'Cyanobacteria': 0.0, 'Bare substrate': 43.67, 'Other invertebrates': 5.5, 'Crustose coralline algae': 0.0}",,,Rock,Outer Reef Flat,0.068059999,1.01400999,0.761779992,0.121699999,-0.00223,-0.290499997,2.215935688,0,0,47.08394575,0,0,0.188942964,7dc47b26-d6bb-4701-8fba-d05a7f377e74,eb33b8f8-05f3-4329-b572-be9153762977,1277efc2-db70-4b8e-97e3-3237a7dae3d3,,https://datamermaid.org/contact-project?project_id=1277efc2-db70-4b8e-97e3-3237a7dae3d3,"[{'id': 'f6ee519b-d993-4944-84c1-2fdb960c4530', 'name': 'Vibrant Oceans'}, {'id': 'e44cbd3d-e3ca-451d-aef2-200623fe265b', 'name': 'WCS Indonesia'}]",c570ff86-4992-4fa1-939a-3ce433f80dcb,9aace06d-42bb-4b55-aa3a-2e68f03f75cd,7dc47b26-d6bb-4701-8fba-d05a7f377e74,public summary
Taka Bonerate 2015,Indonesia,Bungin Kamase,-6.938359989,121.000066,semi-exposed,fringing,fore reef,2015,4,20,,>10m - excellent,,6,Utilization Tourism,Pemanfaatan Pariwisata,2015,,NGO,none,open access,6,"{'Sand': 8.67, 'Other': 0.0, 'Rubble': 15.83, 'Seagrass': 0.0, 'Hard coral': 25.67, 'Macroalgae': 2.17, 'Soft coral': 11.0, 'Turf algae': 1.5, 'Cyanobacteria': 0.0, 'Bare substrate': 26.67, 'Other invertebrates': 8.5, 'Crustose coralline algae': 0.0}","Reef Zone , Reef Type , Exposure belum sesuai",,Rock,Outer Reef Flat,0.05319027,0.914604294,0.761779988,0.093378501,-0.133441366,-0.187749547,1.833446175,0.000553179,0.000218756,0,0,0,0.159645759,82e03096-17b8-4c0f-8a51-f234fac0d729,17a9480b-d26e-4784-9167-64891b147fc0,1277efc2-db70-4b8e-97e3-3237a7dae3d3,,https://datamermaid.org/contact-project?project_id=1277efc2-db70-4b8e-97e3-3237a7dae3d3,"[{'id': 'f6ee519b-d993-4944-84c1-2fdb960c4530', 'name': 'Vibrant Oceans'}, {'id': 'e44cbd3d-e3ca-451d-aef2-200623fe265b', 'name': 'WCS Indonesia'}]",c570ff86-4992-4fa1-939a-3ce433f80dcb,9aace06d-42bb-4b55-aa3a-2e68f03f75cd,82e03096-17b8-4c0f-8a51-f234fac0d729,public summary
Taka Bonerate 2015,Indonesia,Bungin Laloh,-6.81948,121.28083,exposed,atoll,fore reef,2015,4,23,,>10m - excellent,,5,Utilization Tourism,Pemanfaatan Pariwisata,2015,,NGO,none,open access,6,"{'Sand': 5.17, 'Other': 0.0, 'Rubble': 6.33, 'Seagrass': 0.0, 'Hard coral': 40.67, 'Macroalgae': 2.0, 'Soft coral': 14.83, 'Turf algae': 0.5, 'Cyanobacteria': 0.0, 'Bare substrate': 22.5, 'Other invertebrates': 8.0, 'Crustose coralline algae': 0.0}",,,Sand,Shallow Lagoon,0.06187,0.91038,0.76178,0.09725,-0.01174,-0.27591,1.584830887,0,0,0,0,0,0.107371984,44821ca4-78c7-4313-97ff-aa6f609589c0,49c61612-963f-4870-af58-0155b59fc8f6,1277efc2-db70-4b8e-97e3-3237a7dae3d3,,https://datamermaid.org/contact-project?project_id=1277efc2-db70-4b8e-97e3-3237a7dae3d3,"[{'id': 'f6ee519b-d993-4944-84c1-2fdb960c4530', 'name': 'Vibrant Oceans'}, {'id': 'e44cbd3d-e3ca-451d-aef2-200623fe265b', 'name': 'WCS Indonesia'}]",c570ff86-4992-4fa1-939a-3ce433f80dcb,9aace06d-42bb-4b55-aa3a-2e68f03f75cd,44821ca4-78c7-4313-97ff-aa6f609589c0,public summary
Taka Bonerate 2015,Indonesia,Jinato Barat,-6.77289,120.96176,exposed,atoll,fore reef,2015,4,17,,>10m - excellent,,5,Utility / Tourism,Zona Pemanfaatan,2015,,"community, local government, government, NGO",low,no take,6,"{'Sand': 3.67, 'Other': 0.0, 'Rubble': 4.5, 'Seagrass': 0.0, 'Hard coral': 52.0, 'Macroalgae': 3.33, 'Soft coral': 9.67, 'Turf algae': 0.17, 'Cyanobacteria': 0.0, 'Bare substrate': 16.17, 'Other invertebrates': 10.5, 'Crustose coralline algae': 0.0}",,,Rock,Outer Reef Flat,0.049349999,0.95760998,0.761779984,0.100459998,-0.159349997,-0.438399991,1.984794753,0.00919755,0,67.43714761,0,0,0.257418987,58456164-9454-44a0-bdd1-98205767417a,efc25ef9-7b04-45f1-8fad-7f4c37d3e086,1277efc2-db70-4b8e-97e3-3237a7dae3d3,,https://datamermaid.org/contact-project?project_id=1277efc2-db70-4b8e-97e3-3237a7dae3d3,"[{'id': 'f6ee519b-d993-4944-84c1-2fdb960c4530', 'name': 'Vibrant Oceans'}, {'id': 'e44cbd3d-e3ca-451d-aef2-200623fe265b', 'name': 'WCS Indonesia'}]",c570ff86-4992-4fa1-939a-3ce433f80dcb,8e641681-ae77-49ea-9bb8-ec8cf82a9686,58456164-9454-44a0-bdd1-98205767417a,public summary
Taka Bonerate 2015,Indonesia,Lantigiang Barat Daya,-6.70882,120.95501,exposed,atoll,fore reef,2015,4,16,,5-10m - fair,,5.5,Protection,Zona Perlindungan Bahari,2015,,"community, local government, government, NGO",full,no take,6,"{'Sand': 8.5, 'Other': 0.0, 'Rubble': 5.33, 'Seagrass': 0.0, 'Hard coral': 38.5, 'Macroalgae': 1.5, 'Soft coral': 15.33, 'Turf algae': 0.33, 'Cyanobacteria': 0.0, 'Bare substrate': 26.33, 'Other invertebrates': 4.17, 'Crustose coralline algae': 0.0}",,,,Plateau,0.05124,0.95761,0.76178,0.1028,-0.13433,-0.45964,2.018045965,0.00082479,0,76.01996422,0,0,0.254364294,21969b17-fdec-44d2-aa86-f9819d3a70d8,3f0b0e9e-67eb-4b65-b38c-af24a929b09a,1277efc2-db70-4b8e-97e3-3237a7dae3d3,,https://datamermaid.org/contact-project?project_id=1277efc2-db70-4b8e-97e3-3237a7dae3d3,"[{'id': 'f6ee519b-d993-4944-84c1-2fdb960c4530', 'name': 'Vibrant Oceans'}, {'id': 'e44cbd3d-e3ca-451d-aef2-200623fe265b', 'name': 'WCS Indonesia'}]",c570ff86-4992-4fa1-939a-3ce433f80dcb,02479d18-b7bc-406d-ae03-1f84c0e24f04,21969b17-fdec-44d2-aa86-f9819d3a70d8,public summary
Taka Bonerate 2015,Indonesia,Lantigiang Utara,-6.69546,120.96014,exposed,atoll,fore reef,2015,4,16,,>10m - excellent,,5,Protection,Zona Perlindungan Bahari,2015,,"community, local government, government, NGO",full,no take,6,"{'Sand': 4.83, 'Other': 0.0, 'Rubble': 20.5, 'Seagrass': 0.0, 'Hard coral': 22.67, 'Macroalgae': 0.83, 'Soft coral': 8.83, 'Turf algae': 0.5, 'Cyanobacteria': 0.0, 'Bare substrate': 33.67, 'Other invertebrates': 8.17, 'Crustose coralline algae': 0.0}",,,Coral/Algae,Deep Lagoon,0.05658,0.957610002,0.761780001,0.10514,-0.08068,-0.406880001,2.056296546,0,0,8.582815184,0,0,0.177175167,9978b353-4c25-4829-83e8-34da873b0904,6d55cc94-3853-4423-bd88-97b1c8eae7d8,1277efc2-db70-4b8e-97e3-3237a7dae3d3,,https://datamermaid.org/contact-project?project_id=1277efc2-db70-4b8e-97e3-3237a7dae3d3,"[{'id': 'f6ee519b-d993-4944-84c1-2fdb960c4530', 'name': 'Vibrant Oceans'}, {'id': 'e44cbd3d-e3ca-451d-aef2-200623fe265b', 'name': 'WCS Indonesia'}]",c570ff86-4992-4fa1-939a-3ce433f80dcb,02479d18-b7bc-406d-ae03-1f84c0e24f04,9978b353-4c25-4829-83e8-34da873b0904,public summary
Taka Bonerate 2015,Indonesia,Latondu Kecil 1,-6.54816,120.92637,exposed,atoll,fore reef,2015,4,9,,>10m - excellent,,5.5,Core Zone,Zona Inti,2015,,"community, local government, government, NGO",full,no take,6,"{'Sand': 1.67, 'Other': 0.0, 'Rubble': 1.67, 'Seagrass': 0.0, 'Hard coral': 45.33, 'Macroalgae': 0.83, 'Soft coral': 17.17, 'Turf algae': 0.17, 'Cyanobacteria': 0.0, 'Bare substrate': 28.83, 'Other invertebrates': 4.33, 'Crustose coralline algae': 0.0}",,,Coral/Algae,Sheltered Reef Slope,0.07181,0.868149995,0.761779995,0.112479999,0.06854,-0.03474,2.253468059,0,0,217.2869001,0,139.9999991,0.351494547,c0381876-4d14-4a1f-af28-b6ac4d5d0da4,d9afab2d-e937-473a-b103-4d2d453d7727,1277efc2-db70-4b8e-97e3-3237a7dae3d3,,https://datamermaid.org/contact-project?project_id=1277efc2-db70-4b8e-97e3-3237a7dae3d3,"[{'id': 'f6ee519b-d993-4944-84c1-2fdb960c4530', 'name': 'Vibrant Oceans'}, {'id': 'e44cbd3d-e3ca-451d-aef2-200623fe265b', 'name': 'WCS Indonesia'}]",c570ff86-4992-4fa1-939a-3ce433f80dcb,b7076414-295a-45e2-a423-b7051100d687,c0381876-4d14-4a1f-af28-b6ac4d5d0da4,public summary
Taka Bonerate 2015,Indonesia,Latondu Kecil 2,-6.523467014,120.930956,semi-exposed,fringing,fore reef,2015,4,9,,>10m - excellent,,5.5,Core Zone,Zona Inti,2015,,"community, local government, government, NGO",full,no take,6,"{'Sand': 9.33, 'Other': 0.0, 'Rubble': 0.17, 'Seagrass': 0.0, 'Hard coral': 23.67, 'Macroalgae': 4.17, 'Soft coral': 17.0, 'Turf algae': 7.83, 'Cyanobacteria': 0.0, 'Bare substrate': 29.0, 'Other invertebrates': 8.83, 'Crustose coralline algae': 0.0}","Reef Zone , Reef Type , Exposure belum sesuai",,,,0.071810001,0.868150016,0.761780014,0.112480002,0.068540001,-0.034740001,2.253468113,0,0,217.2869054,0,140.0000025,0.351494555,f9b5dfc3-5226-432f-982e-c869adb00277,ab7646e5-d9dc-4b2b-92a4-ba136dd7fd42,1277efc2-db70-4b8e-97e3-3237a7dae3d3,,https://datamermaid.org/contact-project?project_id=1277efc2-db70-4b8e-97e3-3237a7dae3d3,"[{'id': 'f6ee519b-d993-4944-84c1-2fdb960c4530', 'name': 'Vibrant Oceans'}, {'id': 'e44cbd3d-e3ca-451d-aef2-200623fe265b', 'name': 'WCS Indonesia'}]",c570ff86-4992-4fa1-939a-3ce433f80dcb,b7076414-295a-45e2-a423-b7051100d687,f9b5dfc3-5226-432f-982e-c869adb00277,public summary
Taka Bonerate 2015,Indonesia,Latondu Kecil 3,-6.49715,120.94196,exposed,atoll,fore reef,2015,4,9,,>10m - excellent,,5.5,Core Zone,Zona Inti,2015,,"community, local government, government, NGO",full,no take,6,"{'Sand': 10.67, 'Other': 0.0, 'Rubble': 7.33, 'Seagrass': 0.17, 'Hard coral': 20.0, 'Macroalgae': 1.83, 'Soft coral': 10.0, 'Turf algae': 6.67, 'Cyanobacteria': 0.0, 'Bare substrate': 41.0, 'Other invertebrates': 2.33, 'Crustose coralline algae': 0.0}",,,Coral/Algae,Sheltered Reef Slope,0.07236,0.923259997,0.761779998,0.11555,0.04903,-0.03957,2.271749304,0,0,202.6421465,0,0,0.204007464,438f3f44-e907-40ed-96a6-59abacd7db9d,a12b2f94-d1b7-424a-aff9-547618607e41,1277efc2-db70-4b8e-97e3-3237a7dae3d3,,https://datamermaid.org/contact-project?project_id=1277efc2-db70-4b8e-97e3-3237a7dae3d3,"[{'id': 'f6ee519b-d993-4944-84c1-2fdb960c4530', 'name': 'Vibrant Oceans'}, {'id': 'e44cbd3d-e3ca-451d-aef2-200623fe265b', 'name': 'WCS Indonesia'}]",c570ff86-4992-4fa1-939a-3ce433f80dcb,b7076414-295a-45e2-a423-b7051100d687,438f3f44-e907-40ed-96a6-59abacd7db9d,public summary
Taka Bonerate 2015,Indonesia,Latondu Timur,-6.499,121.0013,semi-exposed,atoll,back reef,2015,4,8,,>10m - excellent,,6.5,Protection,Zona Perlindungan Bahari,2015,,"community, local government, government, NGO",full,no take,6,"{'Sand': 2.83, 'Other': 0.0, 'Rubble': 8.17, 'Seagrass': 0.0, 'Hard coral': 22.67, 'Macroalgae': 0.0, 'Soft coral': 28.17, 'Turf algae': 0.0, 'Cyanobacteria': 0.0, 'Bare substrate': 31.17, 'Other invertebrates': 7.0, 'Crustose coralline algae': 0.0}",,,Rock,Outer Reef Flat,0.075400002,1.014010027,0.76178002,0.114830003,0.066760002,-0.140470004,2.135264905,0,0,228.8115014,0,21.00000056,0.334954058,e1522170-38b2-40c6-b69f-16b54c4b74dd,6b7b3e7f-533b-455b-a03c-14431bcbb7d9,1277efc2-db70-4b8e-97e3-3237a7dae3d3,,https://datamermaid.org/contact-project?project_id=1277efc2-db70-4b8e-97e3-3237a7dae3d3,"[{'id': 'f6ee519b-d993-4944-84c1-2fdb960c4530', 'name': 'Vibrant Oceans'}, {'id': 'e44cbd3d-e3ca-451d-aef2-200623fe265b', 'name': 'WCS Indonesia'}]",c570ff86-4992-4fa1-939a-3ce433f80dcb,02479d18-b7bc-406d-ae03-1f84c0e24f04,e1522170-38b2-40c6-b69f-16b54c4b74dd,public summary
Taka Bonerate 2015,Indonesia,Latondu Utara,-6.490058005,120.99794,semi-exposed,fringing,fore reef,2015,4,8,,>10m - excellent,,6,Protection,Zona Perlindungan Bahari,2015,,"community, local government, government, NGO",full,no take,6,"{'Sand': 3.5, 'Other': 0.0, 'Rubble': 0.0, 'Seagrass': 0.0, 'Hard coral': 37.0, 'Macroalgae': 4.83, 'Soft coral': 20.83, 'Turf algae': 0.0, 'Cyanobacteria': 0.0, 'Bare substrate': 22.17, 'Other invertebrates': 11.67, 'Crustose coralline algae': 0.0}","Reef Zone , Reef Type , Exposure belum sesuai",,Rock,Reef Crest,0.07319,0.923260003,0.761780002,0.11519,0.06858,-0.08683,2.203507086,0,0,246.0131601,0,133.0000004,0.352164428,612816c5-ac35-4ca9-b292-048d46041abc,f96d7a66-956f-4ee7-ae1e-96f5845378fd,1277efc2-db70-4b8e-97e3-3237a7dae3d3,,https://datamermaid.org/contact-project?project_id=1277efc2-db70-4b8e-97e3-3237a7dae3d3,"[{'id': 'f6ee519b-d993-4944-84c1-2fdb960c4530', 'name': 'Vibrant Oceans'}, {'id': 'e44cbd3d-e3ca-451d-aef2-200623fe265b', 'name': 'WCS Indonesia'}]",c570ff86-4992-4fa1-939a-3ce433f80dcb,02479d18-b7bc-406d-ae03-1f84c0e24f04,612816c5-ac35-4ca9-b292-048d46041abc,public summary
Taka Bonerate 2015,Indonesia,Pasitalu Barat,-7.05258,121.06151,exposed,atoll,fore reef,2015,4,20,,>10m - excellent,,5,Protection,Zona Perlindungan Bahari,2015,,"community, local government, government, NGO",full,no take,6,"{'Sand': 7.33, 'Other': 0.0, 'Rubble': 4.67, 'Seagrass': 0.0, 'Hard coral': 31.83, 'Macroalgae': 2.5, 'Soft coral': 13.17, 'Turf algae': 0.0, 'Cyanobacteria': 0.0, 'Bare substrate': 22.33, 'Other invertebrates': 18.17, 'Crustose coralline algae': 0.0}",,,Coral/Algae,Sheltered Reef Slope,0.06971,0.842780001,0.761780001,0.08643,0.07566,-0.01305,1.61543723,0,0.001429074,93.78020351,0,0,0.279641047,47109dfc-cdff-45aa-b35d-ade17de9cec8,e43b3a44-b0e2-46a2-87c0-335d066bd6a1,1277efc2-db70-4b8e-97e3-3237a7dae3d3,,https://datamermaid.org/contact-project?project_id=1277efc2-db70-4b8e-97e3-3237a7dae3d3,"[{'id': 'f6ee519b-d993-4944-84c1-2fdb960c4530', 'name': 'Vibrant Oceans'}, {'id': 'e44cbd3d-e3ca-451d-aef2-200623fe265b', 'name': 'WCS Indonesia'}]",c570ff86-4992-4fa1-939a-3ce433f80dcb,02479d18-b7bc-406d-ae03-1f84c0e24f04,47109dfc-cdff-45aa-b35d-ade17de9cec8,public summary
Taka Bonerate 2015,Indonesia,Pasitalu Tengah,-7.064357009,121.090362,semi-exposed,fringing,fore reef,2015,4,21,,>10m - excellent,,5.5,Utilization Tourism,Pemanfaatan Pariwisata,2015,,NGO,none,open access,6,"{'Sand': 7.5, 'Other': 0.0, 'Rubble': 26.0, 'Seagrass': 0.0, 'Hard coral': 11.0, 'Macroalgae': 5.83, 'Soft coral': 4.0, 'Turf algae': 1.33, 'Cyanobacteria': 0.0, 'Bare substrate': 38.67, 'Other invertebrates': 5.67, 'Crustose coralline algae': 0.0}","Reef Zone , Reef Type , Exposure belum sesuai",,Coral/Algae,Reef Crest,0.06971,0.842779999,0.761779999,0.08643,0.07566,-0.01305,1.615437225,0,0.001429074,93.78020321,0,0,0.279641046,a7a65a9c-a98d-45ab-aa4d-9f35cb7c1454,dce78b06-cdce-4ede-9b03-c5d3cc79762c,1277efc2-db70-4b8e-97e3-3237a7dae3d3,,https://datamermaid.org/contact-project?project_id=1277efc2-db70-4b8e-97e3-3237a7dae3d3,"[{'id': 'f6ee519b-d993-4944-84c1-2fdb960c4530', 'name': 'Vibrant Oceans'}, {'id': 'e44cbd3d-e3ca-451d-aef2-200623fe265b', 'name': 'WCS Indonesia'}]",c570ff86-4992-4fa1-939a-3ce433f80dcb,9aace06d-42bb-4b55-aa3a-2e68f03f75cd,a7a65a9c-a98d-45ab-aa4d-9f35cb7c1454,public summary
Taka Bonerate 2015,Indonesia,Pasitalu Timur,-7.07844,121.11573,semi-exposed,atoll,fore reef,2015,4,21,,>10m - excellent,,5.5,Utilization Tourism,Pemanfaatan Pariwisata,2015,,NGO,none,open access,6,"{'Sand': 6.67, 'Other': 0.0, 'Rubble': 4.33, 'Seagrass': 0.0, 'Hard coral': 5.67, 'Macroalgae': 3.67, 'Soft coral': 4.17, 'Turf algae': 0.0, 'Cyanobacteria': 0.0, 'Bare substrate': 71.67, 'Other invertebrates': 3.83, 'Crustose coralline algae': 0.0}",,,Rock,Sheltered Reef Slope,0.06885,0.84278,0.76178,0.08643,0.06194,0.00322,1.582530067,0,0.000333835,88.50788498,0,0,0.271379457,8d3891b2-a327-408e-aac9-7f73727cde7b,8bb4b344-51f0-4012-a930-69b79a49245f,1277efc2-db70-4b8e-97e3-3237a7dae3d3,,https://datamermaid.org/contact-project?project_id=1277efc2-db70-4b8e-97e3-3237a7dae3d3,"[{'id': 'f6ee519b-d993-4944-84c1-2fdb960c4530', 'name': 'Vibrant Oceans'}, {'id': 'e44cbd3d-e3ca-451d-aef2-200623fe265b', 'name': 'WCS Indonesia'}]",c570ff86-4992-4fa1-939a-3ce433f80dcb,9aace06d-42bb-4b55-aa3a-2e68f03f75cd,8d3891b2-a327-408e-aac9-7f73727cde7b,public summary
Taka Bonerate 2015,Indonesia,Rajuni Besar,-6.57093,121.01618,semi-exposed,atoll,fore reef,2015,4,14,,>10m - excellent,,5.5,Utilization Tourism,Pemanfaatan Pariwisata,2015,,NGO,none,open access,6,"{'Sand': 10.33, 'Other': 0.0, 'Rubble': 7.33, 'Seagrass': 0.0, 'Hard coral': 59.5, 'Macroalgae': 0.0, 'Soft coral': 7.83, 'Turf algae': 0.0, 'Cyanobacteria': 0.0, 'Bare substrate': 10.67, 'Other invertebrates': 4.33, 'Crustose coralline algae': 0.0}",,,Coral/Algae,Sheltered Reef Slope,0.06894,0.80294,0.76178,0.10953,0.0963,-0.20296,2.101935027,0,0,248.4581547,0,7,0.328073545,a772fe40-d97b-4b8b-8edf-4236cd46e823,7859484f-6e1a-48b0-8f4f-be40e8a170eb,1277efc2-db70-4b8e-97e3-3237a7dae3d3,,https://datamermaid.org/contact-project?project_id=1277efc2-db70-4b8e-97e3-3237a7dae3d3,"[{'id': 'f6ee519b-d993-4944-84c1-2fdb960c4530', 'name': 'Vibrant Oceans'}, {'id': 'e44cbd3d-e3ca-451d-aef2-200623fe265b', 'name': 'WCS Indonesia'}]",c570ff86-4992-4fa1-939a-3ce433f80dcb,9aace06d-42bb-4b55-aa3a-2e68f03f75cd,a772fe40-d97b-4b8b-8edf-4236cd46e823,public summary
Taka Bonerate 2015,Indonesia,Rajuni Kecil,-6.54722,120.9909,sheltered,atoll,fore reef,2015,4,14,,>10m - excellent,,6.5,Utilization Tourism,Pemanfaatan Pariwisata,2015,,NGO,none,open access,6,"{'Sand': 0.17, 'Other': 0.0, 'Rubble': 58.83, 'Seagrass': 5.17, 'Hard coral': 15.67, 'Macroalgae': 3.17, 'Soft coral': 1.0, 'Turf algae': 0.0, 'Cyanobacteria': 0.0, 'Bare substrate': 14.5, 'Other invertebrates': 1.5, 'Crustose coralline algae': 0.0}",,,Coral/Algae,Reef Slope,0.07135,0.868149996,0.761779996,0.112159999,0.07608,-0.10281,2.186033995,0,0,305.0732069,0,454.9999979,0.364310957,075e75fa-b2bf-4b99-8762-df3b23c1a935,dae271c4-a0aa-4bdf-a4a6-9cf2a583cc8c,1277efc2-db70-4b8e-97e3-3237a7dae3d3,,https://datamermaid.org/contact-project?project_id=1277efc2-db70-4b8e-97e3-3237a7dae3d3,"[{'id': 'f6ee519b-d993-4944-84c1-2fdb960c4530', 'name': 'Vibrant Oceans'}, {'id': 'e44cbd3d-e3ca-451d-aef2-200623fe265b', 'name': 'WCS Indonesia'}]",c570ff86-4992-4fa1-939a-3ce433f80dcb,9aace06d-42bb-4b55-aa3a-2e68f03f75cd,075e75fa-b2bf-4b99-8762-df3b23c1a935,public summary
Taka Bonerate 2015,Indonesia,Taka Balalong Timur,-6.848064009,121.157204,semi-exposed,fringing,fore reef,2015,4,24,,>10m - excellent,,5,Core Zone,Zona Inti,2015,,"community, local government, government, NGO",full,no take,6,"{'Sand': 26.33, 'Other': 0.0, 'Rubble': 5.33, 'Seagrass': 0.67, 'Hard coral': 27.0, 'Macroalgae': 0.67, 'Soft coral': 7.33, 'Turf algae': 0.17, 'Cyanobacteria': 0.0, 'Bare substrate': 25.5, 'Other invertebrates': 7.0, 'Crustose coralline algae': 0.0}","Reef Zone , Reef Type , Exposure belum sesuai",,Rock,Inner Reef Flat,0.04941,0.910380003,0.761780002,0.09754,-0.14119,-0.405790001,1.724696396,0,0,0,0,0,0.109534817,fde25b45-4923-45fe-80b7-6036507329e6,8557a75c-816a-4146-907b-8aad732d474a,1277efc2-db70-4b8e-97e3-3237a7dae3d3,,https://datamermaid.org/contact-project?project_id=1277efc2-db70-4b8e-97e3-3237a7dae3d3,"[{'id': 'f6ee519b-d993-4944-84c1-2fdb960c4530', 'name': 'Vibrant Oceans'}, {'id': 'e44cbd3d-e3ca-451d-aef2-200623fe265b', 'name': 'WCS Indonesia'}]",c570ff86-4992-4fa1-939a-3ce433f80dcb,b7076414-295a-45e2-a423-b7051100d687,fde25b45-4923-45fe-80b7-6036507329e6,public summary
Taka Bonerate 2015,Indonesia,Taka Balaloong Utara,-6.81288,121.12989,sheltered,atoll,fore reef,2015,4,26,,>10m - excellent,,5,Protection,Zona Perlindungan Bahari,2015,,"community, local government, government, NGO",full,no take,6,"{'Sand': 11.17, 'Other': 0.0, 'Rubble': 14.17, 'Seagrass': 0.17, 'Hard coral': 50.0, 'Macroalgae': 1.17, 'Soft coral': 3.5, 'Turf algae': 0.67, 'Cyanobacteria': 0.0, 'Bare substrate': 16.33, 'Other invertebrates': 2.83, 'Crustose coralline algae': 0.0}",,,Rock,Reef Crest,0.047399999,0.942289985,0.761779988,0.097679998,-0.171019997,-0.453559993,1.777858875,0,0,0,0,0,0.110392154,f2423efd-52c4-4022-8d8d-9619bddadf30,b9c61e1a-576e-4f62-b87d-74cd549ab9b8,1277efc2-db70-4b8e-97e3-3237a7dae3d3,,https://datamermaid.org/contact-project?project_id=1277efc2-db70-4b8e-97e3-3237a7dae3d3,"[{'id': 'f6ee519b-d993-4944-84c1-2fdb960c4530', 'name': 'Vibrant Oceans'}, {'id': 'e44cbd3d-e3ca-451d-aef2-200623fe265b', 'name': 'WCS Indonesia'}]",c570ff86-4992-4fa1-939a-3ce433f80dcb,02479d18-b7bc-406d-ae03-1f84c0e24f04,f2423efd-52c4-4022-8d8d-9619bddadf30,public summary
Taka Bonerate 2015,Indonesia,Taka Balanda,-6.92343,121.30575,exposed,atoll,back reef,2015,4,22,,>10m - excellent,,5.5,Protection,Zona Perlindungan Bahari,2015,,"community, local government, government, NGO",full,no take,6,"{'Sand': 9.67, 'Other': 0.0, 'Rubble': 8.0, 'Seagrass': 0.0, 'Hard coral': 41.83, 'Macroalgae': 4.17, 'Soft coral': 9.5, 'Turf algae': 0.83, 'Cyanobacteria': 0.0, 'Bare substrate': 22.67, 'Other invertebrates': 3.33, 'Crustose coralline algae': 0.0}",,,Rock,Outer Reef Flat,0.069459999,1.051319984,0.761779989,0.092839999,0.00439,-0.168119997,1.538432044,0,0,0,0,0,0.106514643,481e76ec-a73f-420f-a0ce-b02781dd7002,5431c17a-61cd-400f-9d41-f6fd2f9166ab,1277efc2-db70-4b8e-97e3-3237a7dae3d3,,https://datamermaid.org/contact-project?project_id=1277efc2-db70-4b8e-97e3-3237a7dae3d3,"[{'id': 'f6ee519b-d993-4944-84c1-2fdb960c4530', 'name': 'Vibrant Oceans'}, {'id': 'e44cbd3d-e3ca-451d-aef2-200623fe265b', 'name': 'WCS Indonesia'}]",c570ff86-4992-4fa1-939a-3ce433f80dcb,02479d18-b7bc-406d-ae03-1f84c0e24f04,481e76ec-a73f-420f-a0ce-b02781dd7002,public summary
Taka Bonerate 2015,Indonesia,Taka Bayang Pogo,-6.924783988,121.068763,semi-exposed,fringing,fore reef,2015,4,19,,>10m - excellent,,6,Utilization Tourism,Pemanfaatan Pariwisata,2015,,NGO,none,open access,6,"{'Sand': 7.33, 'Other': 0.0, 'Rubble': 2.67, 'Seagrass': 0.0, 'Hard coral': 46.83, 'Macroalgae': 0.5, 'Soft coral': 15.33, 'Turf algae': 0.0, 'Cyanobacteria': 0.0, 'Bare substrate': 23.5, 'Other invertebrates': 3.83, 'Crustose coralline algae': 0.0}","Reef Zone , Reef Type , Exposure belum sesuai",,Coral/Algae,Sheltered Reef Slope,0.05187,0.94229,0.76178,0.09327,-0.15817,-0.20624,1.774683769,0,0,0,0,0,0.110356433,d23b1045-2ec0-458d-87c5-c4277e421447,75b8b40c-2fd6-4d9d-b055-63aa800bf32b,1277efc2-db70-4b8e-97e3-3237a7dae3d3,,https://datamermaid.org/contact-project?project_id=1277efc2-db70-4b8e-97e3-3237a7dae3d3,"[{'id': 'f6ee519b-d993-4944-84c1-2fdb960c4530', 'name': 'Vibrant Oceans'}, {'id': 'e44cbd3d-e3ca-451d-aef2-200623fe265b', 'name': 'WCS Indonesia'}]",c570ff86-4992-4fa1-939a-3ce433f80dcb,9aace06d-42bb-4b55-aa3a-2e68f03f75cd,d23b1045-2ec0-458d-87c5-c4277e421447,public summary
Taka Bonerate 2015,Indonesia,Taka Gantarang 1,-6.44483,121.2271,exposed,atoll,fore reef,2015,4,13,,5-10m - fair,,5.5,Utility / Tourism,Zona Pemanfaatan,2015,,"community, local government, government, NGO",low,no take,6,"{'Sand': 3.0, 'Other': 0.0, 'Rubble': 7.67, 'Seagrass': 0.83, 'Hard coral': 31.33, 'Macroalgae': 7.33, 'Soft coral': 7.5, 'Turf algae': 0.0, 'Cyanobacteria': 0.0, 'Bare substrate': 35.17, 'Other invertebrates': 7.17, 'Crustose coralline algae': 0.0}",,,Coral/Algae,Sheltered Reef Slope,0.05505,0.961699995,0.761779996,0.116859999,-0.120239999,-0.369369998,1.95889264,0,0,0,0,0,0.11264267,d510118b-1d65-4e3a-9b25-8a44b27995d1,16f16128-a530-4949-bc45-b0ea693a5dfb,1277efc2-db70-4b8e-97e3-3237a7dae3d3,,https://datamermaid.org/contact-project?project_id=1277efc2-db70-4b8e-97e3-3237a7dae3d3,"[{'id': 'f6ee519b-d993-4944-84c1-2fdb960c4530', 'name': 'Vibrant Oceans'}, {'id': 'e44cbd3d-e3ca-451d-aef2-200623fe265b', 'name': 'WCS Indonesia'}]",c570ff86-4992-4fa1-939a-3ce433f80dcb,8e641681-ae77-49ea-9bb8-ec8cf82a9686,d510118b-1d65-4e3a-9b25-8a44b27995d1,public summary
Taka Bonerate 2015,Indonesia,Taka Gantarang 2,-6.453174027,121.285359,semi-exposed,fringing,fore reef,2015,4,13,,5-10m - fair,,5.5,Utility / Tourism,Zona Pemanfaatan,2015,,"community, local government, government, NGO",low,no take,6,"{'Sand': 2.0, 'Other': 0.0, 'Rubble': 2.17, 'Seagrass': 0.0, 'Hard coral': 29.67, 'Macroalgae': 6.67, 'Soft coral': 20.5, 'Turf algae': 0.0, 'Cyanobacteria': 0.0, 'Bare substrate': 24.67, 'Other invertebrates': 14.33, 'Crustose coralline algae': 0.0}","Reef Zone , Reef Type , Exposure belum sesuai",,Coral/Algae,Reef Slope,0.0538,0.961700004,0.761780003,0.11302,-0.136710001,-0.343380001,1.93518752,0,0,0,0,0,0.112408852,92f9b26c-39b6-42ea-b3a7-cf5b39580c53,259a05e2-be98-44b1-b7da-eab588ad815e,1277efc2-db70-4b8e-97e3-3237a7dae3d3,,https://datamermaid.org/contact-project?project_id=1277efc2-db70-4b8e-97e3-3237a7dae3d3,"[{'id': 'f6ee519b-d993-4944-84c1-2fdb960c4530', 'name': 'Vibrant Oceans'}, {'id': 'e44cbd3d-e3ca-451d-aef2-200623fe265b', 'name': 'WCS Indonesia'}]",c570ff86-4992-4fa1-939a-3ce433f80dcb,8e641681-ae77-49ea-9bb8-ec8cf82a9686,92f9b26c-39b6-42ea-b3a7-cf5b39580c53,public summary
Taka Bonerate 2015,Indonesia,Taka Kayu Bulan Barat,-6.770354966,121.041817,semi-exposed,fringing,fore reef,2015,4,18,,>10m - excellent,,5,Utilization Tourism,Pemanfaatan Pariwisata,2015,,NGO,none,open access,6,"{'Sand': 10.67, 'Other': 0.0, 'Rubble': 43.17, 'Seagrass': 0.0, 'Hard coral': 20.33, 'Macroalgae': 4.0, 'Soft coral': 1.17, 'Turf algae': 0.5, 'Cyanobacteria': 0.0, 'Bare substrate': 15.5, 'Other invertebrates': 4.67, 'Crustose coralline algae': 0.0}","Reef Zone , Reef Type , Exposure belum sesuai",,Rock,Reef Slope,0.047459999,0.994129986,0.761779989,0.100289999,-0.184049997,-0.514379993,1.92644671,0,0,67.43714811,0,0,0.188654256,ebffd8ca-b962-42ef-b7c9-e0ee2a1e9249,799f041d-8378-46ba-9e38-cb066f4ee183,1277efc2-db70-4b8e-97e3-3237a7dae3d3,,https://datamermaid.org/contact-project?project_id=1277efc2-db70-4b8e-97e3-3237a7dae3d3,"[{'id': 'f6ee519b-d993-4944-84c1-2fdb960c4530', 'name': 'Vibrant Oceans'}, {'id': 'e44cbd3d-e3ca-451d-aef2-200623fe265b', 'name': 'WCS Indonesia'}]",c570ff86-4992-4fa1-939a-3ce433f80dcb,9aace06d-42bb-4b55-aa3a-2e68f03f75cd,ebffd8ca-b962-42ef-b7c9-e0ee2a1e9249,public summary
Taka Bonerate 2015,Indonesia,Taka Kayu Bulan Selatan,-6.774830986,121.063497,semi-exposed,fringing,fore reef,2015,4,18,,>10m - excellent,,6,Utilization Tourism,Pemanfaatan Pariwisata,2015,,NGO,none,open access,6,"{'Sand': 13.33, 'Other': 0.0, 'Rubble': 19.33, 'Seagrass': 2.33, 'Hard coral': 21.17, 'Macroalgae': 0.33, 'Soft coral': 4.33, 'Turf algae': 0.33, 'Cyanobacteria': 0.0, 'Bare substrate': 35.33, 'Other invertebrates': 3.5, 'Crustose coralline algae': 0.0}","Reef Zone , Reef Type , Exposure belum sesuai",,Rock,Shallow Lagoon,0.04385,0.99413,0.76178,0.10011,-0.22622,-0.52551,1.866587561,0,0,0,0,0,0.111551512,6ed44b88-9e7c-4397-94fe-816565791a0a,3b1761fb-0f40-4134-a4fd-8ff197002fe5,1277efc2-db70-4b8e-97e3-3237a7dae3d3,,https://datamermaid.org/contact-project?project_id=1277efc2-db70-4b8e-97e3-3237a7dae3d3,"[{'id': 'f6ee519b-d993-4944-84c1-2fdb960c4530', 'name': 'Vibrant Oceans'}, {'id': 'e44cbd3d-e3ca-451d-aef2-200623fe265b', 'name': 'WCS Indonesia'}]",c570ff86-4992-4fa1-939a-3ce433f80dcb,9aace06d-42bb-4b55-aa3a-2e68f03f75cd,6ed44b88-9e7c-4397-94fe-816565791a0a,public summary
Taka Bonerate 2015,Indonesia,Taka Kayu Bulan Utara,-6.75829,121.05997,semi-exposed,atoll,fore reef,2015,4,18,,>10m - excellent,,5,Utilization Tourism,Pemanfaatan Pariwisata,2015,,NGO,none,open access,6,"{'Sand': 13.17, 'Other': 0.0, 'Rubble': 23.0, 'Seagrass': 0.0, 'Hard coral': 27.5, 'Macroalgae': 1.33, 'Soft coral': 2.17, 'Turf algae': 1.0, 'Cyanobacteria': 0.0, 'Bare substrate': 25.0, 'Other invertebrates': 6.83, 'Crustose coralline algae': 0.0}",,,Rock,Reef Crest,0.04385,0.99413,0.76178,0.10011,-0.22622,-0.52551,1.866587561,0,0,0,0,0,0.111551512,8230c986-eb47-400e-8e45-30550b5b4ee3,0bdbb09f-4d9f-4638-ae1f-5d4dfe006f64,1277efc2-db70-4b8e-97e3-3237a7dae3d3,,https://datamermaid.org/contact-project?project_id=1277efc2-db70-4b8e-97e3-3237a7dae3d3,"[{'id': 'f6ee519b-d993-4944-84c1-2fdb960c4530', 'name': 'Vibrant Oceans'}, {'id': 'e44cbd3d-e3ca-451d-aef2-200623fe265b', 'name': 'WCS Indonesia'}]",c570ff86-4992-4fa1-939a-3ce433f80dcb,9aace06d-42bb-4b55-aa3a-2e68f03f75cd,8230c986-eb47-400e-8e45-30550b5b4ee3,public summary
Taka Bonerate 2015,Indonesia,Taka Kumai Barat,-6.87341,121.1457,sheltered,atoll,fore reef,2015,4,24,,>10m - excellent,,5.5,Core Zone,Zona Inti,2015,,"community, local government, government, NGO",full,no take,6,"{'Sand': 28.67, 'Other': 0.0, 'Rubble': 5.83, 'Seagrass': 0.17, 'Hard coral': 30.67, 'Macroalgae': 0.5, 'Soft coral': 3.17, 'Turf algae': 0.67, 'Cyanobacteria': 0.0, 'Bare substrate': 27.0, 'Other invertebrates': 3.33, 'Crustose coralline algae': 0.0}",,,Rock,Outer Reef Flat,0.04859,0.94229,0.76178,0.09543,-0.1697,-0.37101,1.750330441,0,0,0,0,0,0.109973229,0a2d2f90-23f8-42d1-aebb-9cca649d1959,b629a109-20c6-44cb-bd05-c7eaba5999f5,1277efc2-db70-4b8e-97e3-3237a7dae3d3,,https://datamermaid.org/contact-project?project_id=1277efc2-db70-4b8e-97e3-3237a7dae3d3,"[{'id': 'f6ee519b-d993-4944-84c1-2fdb960c4530', 'name': 'Vibrant Oceans'}, {'id': 'e44cbd3d-e3ca-451d-aef2-200623fe265b', 'name': 'WCS Indonesia'}]",c570ff86-4992-4fa1-939a-3ce433f80dcb,b7076414-295a-45e2-a423-b7051100d687,0a2d2f90-23f8-42d1-aebb-9cca649d1959,public summary
Taka Bonerate 2015,Indonesia,Taka Kumai Selatan,-6.873409962,121.145699,semi-exposed,fringing,fore reef,2015,4,26,,>10m - excellent,,5.5,Protection,Zona Perlindungan Bahari,2015,,"community, local government, government, NGO",full,no take,6,"{'Sand': 15.5, 'Other': 0.0, 'Rubble': 25.0, 'Seagrass': 0.0, 'Hard coral': 26.0, 'Macroalgae': 1.67, 'Soft coral': 10.83, 'Turf algae': 0.17, 'Cyanobacteria': 0.0, 'Bare substrate': 15.0, 'Other invertebrates': 5.83, 'Crustose coralline algae': 0.0}","Reef Zone , Reef Type , Exposure belum sesuai",,Rock,Outer Reef Flat,0.04859,0.94229,0.76178,0.09543,-0.1697,-0.37101,1.750330441,0,0,0,0,0,0.109973229,d3dc5a0f-79ea-43eb-bba7-a81452be980c,c1fe639a-add5-4e52-ba0a-a56dd36708ef,1277efc2-db70-4b8e-97e3-3237a7dae3d3,,https://datamermaid.org/contact-project?project_id=1277efc2-db70-4b8e-97e3-3237a7dae3d3,"[{'id': 'f6ee519b-d993-4944-84c1-2fdb960c4530', 'name': 'Vibrant Oceans'}, {'id': 'e44cbd3d-e3ca-451d-aef2-200623fe265b', 'name': 'WCS Indonesia'}]",c570ff86-4992-4fa1-939a-3ce433f80dcb,02479d18-b7bc-406d-ae03-1f84c0e24f04,d3dc5a0f-79ea-43eb-bba7-a81452be980c,public summary
Taka Bonerate 2015,Indonesia,Taka Kumai Utara,-6.89657704,121.150273,semi-exposed,fringing,fore reef,2015,4,24,,>10m - excellent,,5,Core Zone,Zona Inti,2015,,"community, local government, government, NGO",full,no take,6,"{'Sand': 17.0, 'Other': 0.0, 'Rubble': 7.0, 'Seagrass': 0.0, 'Hard coral': 55.17, 'Macroalgae': 0.0, 'Soft coral': 2.5, 'Turf algae': 0.5, 'Cyanobacteria': 0.0, 'Bare substrate': 14.5, 'Other invertebrates': 3.33, 'Crustose coralline algae': 0.0}","Reef Zone , Reef Type , Exposure belum sesuai",,Coral/Algae,Sheltered Reef Slope,0.0503,0.91038,0.76178,0.09532,-0.14117,-0.33595,1.698375136,0,0,0,0,0,0.109161354,f9f370a7-f303-4329-98d7-cb44cf6d03ab,b230b9c3-cdff-4e09-967d-28ff8bb3f3f2,1277efc2-db70-4b8e-97e3-3237a7dae3d3,,https://datamermaid.org/contact-project?project_id=1277efc2-db70-4b8e-97e3-3237a7dae3d3,"[{'id': 'f6ee519b-d993-4944-84c1-2fdb960c4530', 'name': 'Vibrant Oceans'}, {'id': 'e44cbd3d-e3ca-451d-aef2-200623fe265b', 'name': 'WCS Indonesia'}]",c570ff86-4992-4fa1-939a-3ce433f80dcb,b7076414-295a-45e2-a423-b7051100d687,f9f370a7-f303-4329-98d7-cb44cf6d03ab,public summary
Taka Bonerate 2015,Indonesia,Taka Lamongan,-6.542506004,121.234578,semi-exposed,fringing,fore reef,2015,4,11,,>10m - excellent,,5.5,Utilization Tourism,Pemanfaatan Pariwisata,2015,,NGO,none,open access,6,"{'Sand': 3.67, 'Other': 0.0, 'Rubble': 12.0, 'Seagrass': 0.0, 'Hard coral': 19.0, 'Macroalgae': 5.0, 'Soft coral': 25.67, 'Turf algae': 3.83, 'Cyanobacteria': 0.0, 'Bare substrate': 12.33, 'Other invertebrates': 18.5, 'Crustose coralline algae': 0.0}","Reef Zone , Reef Type , Exposure belum sesuai",,Coral/Algae,Outer Reef Flat,0.05798,0.863,0.76178,0.11054,-0.0506,-0.28503,1.887417389,0,0,0,0,0,0.111863272,c3dade45-7fa9-4ab0-804e-438e37c5832a,b434d322-fa88-4337-99aa-fedd19c47f5e,1277efc2-db70-4b8e-97e3-3237a7dae3d3,,https://datamermaid.org/contact-project?project_id=1277efc2-db70-4b8e-97e3-3237a7dae3d3,"[{'id': 'f6ee519b-d993-4944-84c1-2fdb960c4530', 'name': 'Vibrant Oceans'}, {'id': 'e44cbd3d-e3ca-451d-aef2-200623fe265b', 'name': 'WCS Indonesia'}]",c570ff86-4992-4fa1-939a-3ce433f80dcb,9aace06d-42bb-4b55-aa3a-2e68f03f75cd,c3dade45-7fa9-4ab0-804e-438e37c5832a,public summary
Taka Bonerate 2015,Indonesia,Taka Lasalimu,-6.5849,121.18877,exposed,atoll,fore reef,2015,4,7,,>10m - excellent,,6.5,Protection,Zona Perlindungan Bahari,2015,,"community, local government, government, NGO",full,no take,6,"{'Sand': 2.5, 'Other': 0.0, 'Rubble': 1.0, 'Seagrass': 0.0, 'Hard coral': 16.83, 'Macroalgae': 0.5, 'Soft coral': 36.83, 'Turf algae': 0.0, 'Cyanobacteria': 0.0, 'Bare substrate': 33.17, 'Other invertebrates': 9.17, 'Crustose coralline algae': 0.0}",,,Rock,Outer Reef Flat,0.066839999,0.862999988,0.761779989,0.108649998,0.054419999,-0.252069997,1.904122803,0,0,0,0,0,0.112051625,5a99bf0e-afe7-4c9e-b72c-7ea254c5cf14,8502ad6a-5b21-486c-b4c9-9deb60a37e84,1277efc2-db70-4b8e-97e3-3237a7dae3d3,,https://datamermaid.org/contact-project?project_id=1277efc2-db70-4b8e-97e3-3237a7dae3d3,"[{'id': 'f6ee519b-d993-4944-84c1-2fdb960c4530', 'name': 'Vibrant Oceans'}, {'id': 'e44cbd3d-e3ca-451d-aef2-200623fe265b', 'name': 'WCS Indonesia'}]",c570ff86-4992-4fa1-939a-3ce433f80dcb,02479d18-b7bc-406d-ae03-1f84c0e24f04,5a99bf0e-afe7-4c9e-b72c-7ea254c5cf14,public summary
Taka Bonerate 2015,Indonesia,Taka Malori Selatan,-6.89226,121.0464,exposed,atoll,pinnacle,2015,4,19,,>10m - excellent,,8,Utilization Tourism,Pemanfaatan Pariwisata,2015,,NGO,none,open access,3,"{'Sand': 2.33, 'Other': 0.0, 'Rubble': 3.67, 'Seagrass': 0.0, 'Hard coral': 64.33, 'Macroalgae': 3.67, 'Soft coral': 8.0, 'Turf algae': 0.0, 'Cyanobacteria': 0.0, 'Bare substrate': 13.0, 'Other invertebrates': 5.0, 'Crustose coralline algae': 0.0}",,,,,0.04495,0.94229,0.76178,0.09567,-0.21961,-0.34606,1.86061334,0,0,0,0,0,0.11146383,5f68d269-fea3-4c78-a1c1-d9ab528196e4,4a628360-7176-4351-a449-ab68845b52ad,1277efc2-db70-4b8e-97e3-3237a7dae3d3,,https://datamermaid.org/contact-project?project_id=1277efc2-db70-4b8e-97e3-3237a7dae3d3,"[{'id': 'f6ee519b-d993-4944-84c1-2fdb960c4530', 'name': 'Vibrant Oceans'}, {'id': 'e44cbd3d-e3ca-451d-aef2-200623fe265b', 'name': 'WCS Indonesia'}]",c570ff86-4992-4fa1-939a-3ce433f80dcb,9aace06d-42bb-4b55-aa3a-2e68f03f75cd,5f68d269-fea3-4c78-a1c1-d9ab528196e4,public summary
Taka Bonerate 2015,Indonesia,Taka Malori Utara,-6.891774042,121.044765,semi-exposed,fringing,fore reef,2015,4,19,,>10m - excellent,,8,Utilization Tourism,Pemanfaatan Pariwisata,2015,,NGO,none,open access,3,"{'Sand': 0.33, 'Other': 0.0, 'Rubble': 0.67, 'Seagrass': 0.0, 'Hard coral': 72.33, 'Macroalgae': 1.33, 'Soft coral': 10.0, 'Turf algae': 0.0, 'Cyanobacteria': 0.0, 'Bare substrate': 14.67, 'Other invertebrates': 0.67, 'Crustose coralline algae': 0.0}","Reef Zone , Reef Type , Exposure belum sesuai",,,,0.04495,0.94229,0.76178,0.09567,-0.21961,-0.34606,1.86061334,0,0,0,0,0,0.11146383,ddd9f0be-def6-41de-81b9-98dbf9a42f87,a7b0e738-baa6-4265-8e8f-2968c531b547,1277efc2-db70-4b8e-97e3-3237a7dae3d3,,https://datamermaid.org/contact-project?project_id=1277efc2-db70-4b8e-97e3-3237a7dae3d3,"[{'id': 'f6ee519b-d993-4944-84c1-2fdb960c4530', 'name': 'Vibrant Oceans'}, {'id': 'e44cbd3d-e3ca-451d-aef2-200623fe265b', 'name': 'WCS Indonesia'}]",c570ff86-4992-4fa1-939a-3ce433f80dcb,9aace06d-42bb-4b55-aa3a-2e68f03f75cd,ddd9f0be-def6-41de-81b9-98dbf9a42f87,public summary
Taka Bonerate 2015,Indonesia,Taka Rajuni,-6.6057,121.03266,semi-exposed,atoll,fore reef,2015,4,14,,>10m - excellent,,6,Utilization Tourism,Pemanfaatan Pariwisata,2015,,NGO,none,open access,6,"{'Sand': 0.0, 'Other': 0.0, 'Rubble': 3.5, 'Seagrass': 0.0, 'Hard coral': 62.0, 'Macroalgae': 3.5, 'Soft coral': 4.5, 'Turf algae': 1.17, 'Cyanobacteria': 0.0, 'Bare substrate': 21.67, 'Other invertebrates': 3.67, 'Crustose coralline algae': 0.0}",,,Rock,Reef Slope,0.06153,0.80294,0.76178,0.10722,0.03365,-0.34274,2.066618325,0,0,79.22972107,0,0,0.191821814,346e2cca-3c20-48a0-b352-5a63a3cc1668,6ac0b02d-e8c0-41ab-a90d-60a2b8a14f43,1277efc2-db70-4b8e-97e3-3237a7dae3d3,,https://datamermaid.org/contact-project?project_id=1277efc2-db70-4b8e-97e3-3237a7dae3d3,"[{'id': 'f6ee519b-d993-4944-84c1-2fdb960c4530', 'name': 'Vibrant Oceans'}, {'id': 'e44cbd3d-e3ca-451d-aef2-200623fe265b', 'name': 'WCS Indonesia'}]",c570ff86-4992-4fa1-939a-3ce433f80dcb,9aace06d-42bb-4b55-aa3a-2e68f03f75cd,346e2cca-3c20-48a0-b352-5a63a3cc1668,public summary
Taka Bonerate 2015,Indonesia,Taka Sirobe,-6.64884,121.20457,exposed,atoll,fore reef,2015,4,7,,>10m - excellent,,5.5,Utilization Tourism,Pemanfaatan Pariwisata,2015,,NGO,none,open access,6,"{'Sand': 5.5, 'Other': 0.0, 'Rubble': 1.67, 'Seagrass': 0.17, 'Hard coral': 31.0, 'Macroalgae': 2.17, 'Soft coral': 24.17, 'Turf algae': 0.0, 'Cyanobacteria': 0.0, 'Bare substrate': 32.33, 'Other invertebrates': 3.0, 'Crustose coralline algae': 0.0}",,,Coral/Algae,Sheltered Reef Slope,0.0646,0.863,0.76178,0.10616,0.03411,-0.27786,1.805426634,0,0,0,0,0,0.110742885,70e4eab0-9b7a-4efc-862c-e09ef0a83e4b,81d56120-d654-40e9-8204-7f2a5dc87f04,1277efc2-db70-4b8e-97e3-3237a7dae3d3,,https://datamermaid.org/contact-project?project_id=1277efc2-db70-4b8e-97e3-3237a7dae3d3,"[{'id': 'f6ee519b-d993-4944-84c1-2fdb960c4530', 'name': 'Vibrant Oceans'}, {'id': 'e44cbd3d-e3ca-451d-aef2-200623fe265b', 'name': 'WCS Indonesia'}]",c570ff86-4992-4fa1-939a-3ce433f80dcb,9aace06d-42bb-4b55-aa3a-2e68f03f75cd,70e4eab0-9b7a-4efc-862c-e09ef0a83e4b,public summary
Taka Bonerate 2015,Indonesia,Taka Taburi,-6.843416998,121.286401,semi-exposed,fringing,fore reef,2015,4,23,,>10m - excellent,,5,Utilization Tourism,Pemanfaatan Pariwisata,2015,,NGO,none,open access,6,"{'Sand': 7.33, 'Other': 0.0, 'Rubble': 2.33, 'Seagrass': 0.0, 'Hard coral': 45.67, 'Macroalgae': 3.5, 'Soft coral': 9.5, 'Turf algae': 1.0, 'Cyanobacteria': 0.0, 'Bare substrate': 27.33, 'Other invertebrates': 3.33, 'Crustose coralline algae': 0.0}","Reef Zone , Reef Type , Exposure belum sesuai",,Sand,Deep Lagoon,0.06187,0.91038,0.76178,0.09725,-0.01174,-0.27591,1.584830886,0,0,0,0,0,0.107371984,f8677d6f-b2fa-45b3-a6d6-c9264a600837,02d8b0a9-0cdd-4778-867f-2a0355a1963d,1277efc2-db70-4b8e-97e3-3237a7dae3d3,,https://datamermaid.org/contact-project?project_id=1277efc2-db70-4b8e-97e3-3237a7dae3d3,"[{'id': 'f6ee519b-d993-4944-84c1-2fdb960c4530', 'name': 'Vibrant Oceans'}, {'id': 'e44cbd3d-e3ca-451d-aef2-200623fe265b', 'name': 'WCS Indonesia'}]",c570ff86-4992-4fa1-939a-3ce433f80dcb,9aace06d-42bb-4b55-aa3a-2e68f03f75cd,f8677d6f-b2fa-45b3-a6d6-c9264a600837,public summary
Taka Bonerate 2015,Indonesia,Taka Takere,-6.68496,121.20734,exposed,fringing,fore reef,2015,4,7,,5-10m - fair,,5,Utilization Tourism,Pemanfaatan Pariwisata,2015,,NGO,none,open access,6,"{'Sand': 12.67, 'Other': 0.0, 'Rubble': 5.5, 'Seagrass': 0.0, 'Hard coral': 16.17, 'Macroalgae': 1.0, 'Soft coral': 23.5, 'Turf algae': 0.0, 'Cyanobacteria': 0.0, 'Bare substrate': 38.67, 'Other invertebrates': 2.5, 'Crustose coralline algae': 0.0}","Reef Zone , Reef Type , Exposure blm sesuai",,,,0.062599999,0.900419987,0.761779989,0.103969999,-0.00288,-0.287789996,1.713963068,0,0,0,0,0,0.109378935,ef9b7d7c-66cc-4c80-83ac-857b0113c7e8,107b94fa-4408-422a-bc2b-3f7b466ac2dc,1277efc2-db70-4b8e-97e3-3237a7dae3d3,,https://datamermaid.org/contact-project?project_id=1277efc2-db70-4b8e-97e3-3237a7dae3d3,"[{'id': 'f6ee519b-d993-4944-84c1-2fdb960c4530', 'name': 'Vibrant Oceans'}, {'id': 'e44cbd3d-e3ca-451d-aef2-200623fe265b', 'name': 'WCS Indonesia'}]",c570ff86-4992-4fa1-939a-3ce433f80dcb,9aace06d-42bb-4b55-aa3a-2e68f03f75cd,ef9b7d7c-66cc-4c80-83ac-857b0113c7e8,public summary
Taka Bonerate 2015,Indonesia,Tambuna Besar,-7.01067,121.20885,exposed,atoll,fore reef,2015,4,21,,>10m - excellent,,6,Protection,Zona Perlindungan Bahari,2015,,"community, local government, government, NGO",full,no take,6,"{'Sand': 12.0, 'Other': 0.0, 'Rubble': 21.5, 'Seagrass': 0.0, 'Hard coral': 25.67, 'Macroalgae': 1.83, 'Soft coral': 7.17, 'Turf algae': 0.83, 'Cyanobacteria': 0.0, 'Bare substrate': 17.67, 'Other invertebrates': 13.33, 'Crustose coralline algae': 0.0}",,,Rock,Reef Crest,0.06326,0.727389995,0.761779995,0.088629999,0.04956,-0.04136,1.529576079,0,0,9.759521414,0,0,0.170227331,ba094f48-5583-443b-b0fd-12e95ebc3e6d,d077943a-fa0e-4272-a84f-09f27f1b96e9,1277efc2-db70-4b8e-97e3-3237a7dae3d3,,https://datamermaid.org/contact-project?project_id=1277efc2-db70-4b8e-97e3-3237a7dae3d3,"[{'id': 'f6ee519b-d993-4944-84c1-2fdb960c4530', 'name': 'Vibrant Oceans'}, {'id': 'e44cbd3d-e3ca-451d-aef2-200623fe265b', 'name': 'WCS Indonesia'}]",c570ff86-4992-4fa1-939a-3ce433f80dcb,02479d18-b7bc-406d-ae03-1f84c0e24f04,ba094f48-5583-443b-b0fd-12e95ebc3e6d,public summary
Taka Bonerate 2015,Indonesia,Tarupa Besar,-6.50876,121.1272,semi-exposed,atoll,fore reef,2015,4,12,,>10m - excellent,,5.5,Utilization Tourism,Pemanfaatan Pariwisata,2015,,NGO,none,open access,6,"{'Sand': 15.0, 'Other': 0.0, 'Rubble': 5.5, 'Seagrass': 9.5, 'Hard coral': 31.83, 'Macroalgae': 1.33, 'Soft coral': 12.5, 'Turf algae': 0.5, 'Cyanobacteria': 0.0, 'Bare substrate': 14.0, 'Other invertebrates': 9.83, 'Crustose coralline algae': 0.0}",,,Coral/Algae,Sheltered Reef Slope,0.06798,0.802940004,0.761780004,0.111190001,0.08259,-0.201350001,2.001918402,0,0,96.18452879,0,0,0.192928423,15d04224-6621-4755-bb1c-56a7d94a356c,da230569-fc45-4e35-bef0-9650b7fddd5d,1277efc2-db70-4b8e-97e3-3237a7dae3d3,,https://datamermaid.org/contact-project?project_id=1277efc2-db70-4b8e-97e3-3237a7dae3d3,"[{'id': 'f6ee519b-d993-4944-84c1-2fdb960c4530', 'name': 'Vibrant Oceans'}, {'id': 'e44cbd3d-e3ca-451d-aef2-200623fe265b', 'name': 'WCS Indonesia'}]",c570ff86-4992-4fa1-939a-3ce433f80dcb,9aace06d-42bb-4b55-aa3a-2e68f03f75cd,15d04224-6621-4755-bb1c-56a7d94a356c,public summary
Taka Bonerate 2015,Indonesia,Tarupa Kecil,-6.451674001,121.138145,exposed,atoll,fore reef,2015,4,12,,>10m - excellent,,5.5,Utilization Tourism,Pemanfaatan Pariwisata,2015,,NGO,none,open access,6,"{'Sand': 5.33, 'Other': 0.0, 'Rubble': 12.0, 'Seagrass': 0.0, 'Hard coral': 25.5, 'Macroalgae': 3.67, 'Soft coral': 17.83, 'Turf algae': 0.0, 'Cyanobacteria': 0.0, 'Bare substrate': 24.17, 'Other invertebrates': 11.5, 'Crustose coralline algae': 0.0}",,,Rock,Sheltered Reef Slope,0.07044,1.01401,0.76178,0.1141,0.02477,-0.23838,2.038047055,0,0,64.27397633,0,0,0.189466282,86e8d07c-0920-4da5-8b6d-2182f49dad71,1ec13968-6fbd-481c-9890-b68b4179f9ca,1277efc2-db70-4b8e-97e3-3237a7dae3d3,,https://datamermaid.org/contact-project?project_id=1277efc2-db70-4b8e-97e3-3237a7dae3d3,"[{'id': 'f6ee519b-d993-4944-84c1-2fdb960c4530', 'name': 'Vibrant Oceans'}, {'id': 'e44cbd3d-e3ca-451d-aef2-200623fe265b', 'name': 'WCS Indonesia'}]",c570ff86-4992-4fa1-939a-3ce433f80dcb,9aace06d-42bb-4b55-aa3a-2e68f03f75cd,86e8d07c-0920-4da5-8b6d-2182f49dad71,public summary
Taka Bonerate 2015,Indonesia,Tinabo Besar,-6.56134,121.10214,semi-exposed,atoll,fore reef,2015,4,6,,5-10m - fair,,5.5,Protection,Zona Perlindungan Bahari,2015,,"community, local government, government, NGO",full,no take,6,"{'Sand': 7.33, 'Other': 0.0, 'Rubble': 1.83, 'Seagrass': 0.5, 'Hard coral': 51.67, 'Macroalgae': 0.67, 'Soft coral': 7.17, 'Turf algae': 0.0, 'Cyanobacteria': 0.0, 'Bare substrate': 23.0, 'Other invertebrates': 7.83, 'Crustose coralline algae': 0.0}",,,Coral/Algae,Sheltered Reef Slope,0.06763,0.80294,0.76178,0.10894,0.08831,-0.24307,1.965789732,0,0,41.67480087,0,0,0.18519262,92bfbd56-3530-4c0f-8b12-a02c4194e243,994d73ed-f44d-496c-b824-977ba5105f5a,1277efc2-db70-4b8e-97e3-3237a7dae3d3,,https://datamermaid.org/contact-project?project_id=1277efc2-db70-4b8e-97e3-3237a7dae3d3,"[{'id': 'f6ee519b-d993-4944-84c1-2fdb960c4530', 'name': 'Vibrant Oceans'}, {'id': 'e44cbd3d-e3ca-451d-aef2-200623fe265b', 'name': 'WCS Indonesia'}]",c570ff86-4992-4fa1-939a-3ce433f80dcb,02479d18-b7bc-406d-ae03-1f84c0e24f04,92bfbd56-3530-4c0f-8b12-a02c4194e243,public summary
Taka Bonerate 2015,Indonesia,Tinabo Kecil 1,-6.573907966,121.075189,semi-exposed,atoll,fore reef,2015,4,6,,>10m - excellent,,5.5,Core Zone,Zona Inti,2015,,"community, local government, government, NGO",full,no take,6,"{'Sand': 14.17, 'Other': 0.0, 'Rubble': 7.67, 'Seagrass': 0.0, 'Hard coral': 22.17, 'Macroalgae': 1.0, 'Soft coral': 24.83, 'Turf algae': 0.0, 'Cyanobacteria': 0.0, 'Bare substrate': 25.17, 'Other invertebrates': 5.0, 'Crustose coralline algae': 0.0}",,,Coral/Algae,Sheltered Reef Slope,0.06776,0.80294,0.76178,0.10923,0.08873,-0.23793,2.033862379,0,0,121.8856735,0,0,0.195598003,22ee292f-07af-4270-8b8a-0a969064e37d,68a0f0e0-dcd7-4003-937b-e14b6a48b98e,1277efc2-db70-4b8e-97e3-3237a7dae3d3,,https://datamermaid.org/contact-project?project_id=1277efc2-db70-4b8e-97e3-3237a7dae3d3,"[{'id': 'f6ee519b-d993-4944-84c1-2fdb960c4530', 'name': 'Vibrant Oceans'}, {'id': 'e44cbd3d-e3ca-451d-aef2-200623fe265b', 'name': 'WCS Indonesia'}]",c570ff86-4992-4fa1-939a-3ce433f80dcb,b7076414-295a-45e2-a423-b7051100d687,22ee292f-07af-4270-8b8a-0a969064e37d,public summary
Taka Bonerate 2015,Indonesia,Tinabo Kecil 2,-6.564304987,121.081806,semi-exposed,fringing,fore reef,2015,4,6,,>10m - excellent,,5.5,Core Zone,Zona Inti,2015,,"community, local government, government, NGO",full,no take,6,"{'Sand': 3.67, 'Other': 0.0, 'Rubble': 0.5, 'Seagrass': 0.0, 'Hard coral': 25.83, 'Macroalgae': 0.0, 'Soft coral': 0.83, 'Turf algae': 0.0, 'Cyanobacteria': 0.0, 'Bare substrate': 67.5, 'Other invertebrates': 1.67, 'Crustose coralline algae': 0.0}","Reef Zone , Reef Type , Exposure belum sesuai",,Coral/Algae,Shallow Lagoon,0.06776,0.802940005,0.761780004,0.109230001,0.088730001,-0.237930001,2.033862391,0,0,121.8856742,0,0,0.195598004,1f9667af-6674-4507-aa8a-22758bb31a2c,54a19766-496d-4c7a-9533-e8f98dd507c0,1277efc2-db70-4b8e-97e3-3237a7dae3d3,,https://datamermaid.org/contact-project?project_id=1277efc2-db70-4b8e-97e3-3237a7dae3d3,"[{'id': 'f6ee519b-d993-4944-84c1-2fdb960c4530', 'name': 'Vibrant Oceans'}, {'id': 'e44cbd3d-e3ca-451d-aef2-200623fe265b', 'name': 'WCS Indonesia'}]",c570ff86-4992-4fa1-939a-3ce433f80dcb,b7076414-295a-45e2-a423-b7051100d687,1f9667af-6674-4507-aa8a-22758bb31a2c,public summary
Taka Bonerate 2015,Indonesia,Tinanja Timur,-6.55469,121.17685,exposed,atoll,fore reef,2015,4,11,,>10m - excellent,,5.5,Core Zone,Zona Inti,2015,,"community, local government, government, NGO",full,no take,6,"{'Sand': 6.5, 'Other': 0.0, 'Rubble': 1.5, 'Seagrass': 0.0, 'Hard coral': 25.0, 'Macroalgae': 1.0, 'Soft coral': 45.33, 'Turf algae': 2.83, 'Cyanobacteria': 0.0, 'Bare substrate': 11.5, 'Other invertebrates': 6.33, 'Crustose coralline algae': 0.0}",,,Coral/Algae,Reef Slope,0.06684,0.863,0.76178,0.10865,0.05442,-0.25207,1.90412283,0,0,0,0,0,0.112051626,0e379b96-7678-43a0-99dc-66fb620c8ca8,25f91d9d-eff9-461d-a542-6e62092ba893,1277efc2-db70-4b8e-97e3-3237a7dae3d3,,https://datamermaid.org/contact-project?project_id=1277efc2-db70-4b8e-97e3-3237a7dae3d3,"[{'id': 'f6ee519b-d993-4944-84c1-2fdb960c4530', 'name': 'Vibrant Oceans'}, {'id': 'e44cbd3d-e3ca-451d-aef2-200623fe265b', 'name': 'WCS Indonesia'}]",c570ff86-4992-4fa1-939a-3ce433f80dcb,b7076414-295a-45e2-a423-b7051100d687,0e379b96-7678-43a0-99dc-66fb620c8ca8,public summary
Taka Bonerate 2015,Indonesia,Tinanja Utara,-6.541016959,121.169863,semi-exposed,fringing,fore reef,2015,4,11,,>10m - excellent,,5.5,Core Zone,Zona Inti,2015,,"community, local government, government, NGO",full,no take,6,"{'Sand': 9.0, 'Other': 0.0, 'Rubble': 2.83, 'Seagrass': 3.83, 'Hard coral': 3.83, 'Macroalgae': 3.67, 'Soft coral': 33.17, 'Turf algae': 11.17, 'Cyanobacteria': 0.0, 'Bare substrate': 21.33, 'Other invertebrates': 11.17, 'Crustose coralline algae': 0.0}","Reef Zone , Reef Type , Exposure belum sesuai",,Rock,Reef Slope,0.06156,0.863,0.76178,0.11087,-0.01535,-0.2397,1.957222626,0,0,54.50972747,0,0,0.187035765,10c2331b-8eef-4689-8e36-dd315ab2f225,a1aeaca0-60f9-4197-9211-e1a7f05f8b5e,1277efc2-db70-4b8e-97e3-3237a7dae3d3,,https://datamermaid.org/contact-project?project_id=1277efc2-db70-4b8e-97e3-3237a7dae3d3,"[{'id': 'f6ee519b-d993-4944-84c1-2fdb960c4530', 'name': 'Vibrant Oceans'}, {'id': 'e44cbd3d-e3ca-451d-aef2-200623fe265b', 'name': 'WCS Indonesia'}]",c570ff86-4992-4fa1-939a-3ce433f80dcb,b7076414-295a-45e2-a423-b7051100d687,10c2331b-8eef-4689-8e36-dd315ab2f225,public summary