project_name,country_name,site_name,latitude,longitude,reef_exposure,reef_type,reef_zone,sample_date_year,sample_date_month,sample_date_day,tide_name,visibility_name,current_name,depth_avg,management_name,management_name_secondary,management_est_year,management_size,management_parties,management_compliance,management_rules,sample_unit_count,biomass_kgha_avg,biomass_kgha_by_trophic_group_avg,biomass_kgha_by_fish_family_avg,site_notes,management_notes,aca_benthic,aca_geomorphic,beyer_score,beyer_scorecn,beyer_scorecy,beyer_scorepfc,beyer_scoreth,beyer_scoretr,andrello_grav_nc,andrello_sediment,andrello_nutrient,andrello_pop_count,andrello_num_ports,andrello_reef_value,andrello_cumul_score,id,site_id,project_id,project_notes,contact_link,tags,country_id,management_id,sample_event_id,data_policy_beltfish
SE Sulawesi Monitoring Biofisik 2021,Indonesia,KAPUN2,-5.18717,122.73701,exposed,fringing,channel,2021,3,30,low,5-10m - fair,low,6,Reserve,Kawasan Larang Ambil (KLA),2021,18948,government,full,no take,3,70.6,"{'omnivore': 6.3, 'piscivore': 11.79, 'planktivore': 18.67, 'invertivore-mobile': 16.01, 'herbivore-detritivore': 17.83}","{'Labridae': 3.16, 'Scaridae': 12.41, 'Siganidae': 5.17, 'Lutjanidae': 15.47, 'Serranidae': 9.17, 'Acanthuridae': 6.54, 'Caesioinidae': 18.67}",,,Coral/Algae,Sheltered Reef Slope,0.05014,0.36565,0.76178,0.17393,0.00542,-0.28,1.654174459,150.1085663,2.76400733,5331.664095,0,0,0.523450003,6551e75e-cc74-44e5-ab44-6df7172150ec,0099b227-8927-474b-b741-451cc35e5678,76fc53e6-8286-41e2-807a-96ab042fbf6a,,https://datamermaid.org/contact-project?project_id=76fc53e6-8286-41e2-807a-96ab042fbf6a,"[{'id': '6256aece-99b6-4d84-a2f7-c42e145b6ad4', 'name': 'Rare'}]",c570ff86-4992-4fa1-939a-3ce433f80dcb,ae36a323-d4e5-47d2-bb04-25e7ef3406c3,6551e75e-cc74-44e5-ab44-6df7172150ec,public summary
SE Sulawesi Monitoring Biofisik 2021,Indonesia,KAPUN3,-5.20359,122.72163,exposed,fringing,channel,2021,3,30,high,5-10m - fair,low,6,Reserve,Kawasan Larang Ambil (KLA),2021,18948,government,full,no take,3,90.16,"{'omnivore': 7.56, 'piscivore': 16.29, 'planktivore': 15.27, 'herbivore-macroalgae': 8.87, 'herbivore-detritivore': 42.17}","{'Scaridae': 39.79, 'Lutjanidae': 15.27, 'Serranidae': 16.29, 'Acanthuridae': 18.81}",,,Rock,Reef Crest,0.05864,0.36565,0.76178,0.17198,0.08667,-0.14463,1.559311792,196.6465912,3.540221214,8164.096178,0,0,0.532795007,a93fbc8d-0b5c-4e06-a251-0025b55c7cfd,a24d91f5-522f-43ec-bfff-3a319cd17e53,76fc53e6-8286-41e2-807a-96ab042fbf6a,,https://datamermaid.org/contact-project?project_id=76fc53e6-8286-41e2-807a-96ab042fbf6a,"[{'id': '6256aece-99b6-4d84-a2f7-c42e145b6ad4', 'name': 'Rare'}]",c570ff86-4992-4fa1-939a-3ce433f80dcb,ae36a323-d4e5-47d2-bb04-25e7ef3406c3,a93fbc8d-0b5c-4e06-a251-0025b55c7cfd,public summary
SE Sulawesi Monitoring Biofisik 2021,Indonesia,KAPUN4,-5.25015,122.70133,exposed,fringing,channel,2021,3,29,high,5-10m - fair,low,5,Reserve,Kawasan Larang Ambil (KLA),2021,18948,government,full,no take,3,21.45,{'herbivore-detritivore': 21.45},"{'Scaridae': 16.47, 'Siganidae': 4.98}",,,,,0.062785978,0.365650006,0.761780012,0.170245098,0.122284481,-0.053365117,1.34365628,21.69115785,0.390505102,13249.0564,0,0,0.289565905,23332e8a-d87a-4500-9db6-cd6c92c6fff2,a853ecf3-2d62-4d01-8eb2-0633f93ec4b3,76fc53e6-8286-41e2-807a-96ab042fbf6a,,https://datamermaid.org/contact-project?project_id=76fc53e6-8286-41e2-807a-96ab042fbf6a,"[{'id': '6256aece-99b6-4d84-a2f7-c42e145b6ad4', 'name': 'Rare'}]",c570ff86-4992-4fa1-939a-3ce433f80dcb,ae36a323-d4e5-47d2-bb04-25e7ef3406c3,23332e8a-d87a-4500-9db6-cd6c92c6fff2,public summary
SE Sulawesi Monitoring Biofisik 2021,Indonesia,KAPUN6,-5.28555,122.68118,exposed,fringing,channel,2021,3,29,high,5-10m - fair,low,5,Managed Access,Pengelolaan Akses Area Perikanan (PAAP),2021,335453,government,full,"gear restriction,size limits,access restriction",3,18.24,"{'piscivore': 3.54, 'herbivore-detritivore': 14.7}","{'Scaridae': 10.59, 'Siganidae': 4.11, 'Serranidae': 3.54}",,,,,0.05869,0.365649998,0.761779996,0.170549999,0.096659999,-0.186739999,1.512134329,336.3388348,6.636323415,11489.59322,0,0,0.543975838,f3bf45c8-ed6e-4896-ad50-185959a08232,2104fcce-5655-4e86-9be3-b19077969750,76fc53e6-8286-41e2-807a-96ab042fbf6a,,https://datamermaid.org/contact-project?project_id=76fc53e6-8286-41e2-807a-96ab042fbf6a,"[{'id': '6256aece-99b6-4d84-a2f7-c42e145b6ad4', 'name': 'Rare'}]",c570ff86-4992-4fa1-939a-3ce433f80dcb,8abc59e2-2758-45d5-a8b6-8d30cfd08deb,f3bf45c8-ed6e-4896-ad50-185959a08232,public summary
SE Sulawesi Monitoring Biofisik 2021,Indonesia,KAPUN7,-5.23989,122.73993,exposed,fringing,channel,2021,3,30,low,1-5m - poor,low,3,Managed Access,Pengelolaan Akses Area Perikanan (PAAP),2021,335453,government,full,"gear restriction,size limits,access restriction",3,12,{'herbivore-detritivore': 12.0},"{'Scaridae': 2.94, 'Siganidae': 9.05}",,,Coral/Algae,Sheltered Reef Slope,0.05864,0.36565,0.76178,0.17198,0.08667,-0.14463,1.559311792,196.6465912,3.540221214,8164.096178,0,0,0.532795007,4fd1884b-9a1d-45bd-83a4-5520195a8b3c,6ca2e48c-944b-4f41-b898-b00bf3f75f70,76fc53e6-8286-41e2-807a-96ab042fbf6a,,https://datamermaid.org/contact-project?project_id=76fc53e6-8286-41e2-807a-96ab042fbf6a,"[{'id': '6256aece-99b6-4d84-a2f7-c42e145b6ad4', 'name': 'Rare'}]",c570ff86-4992-4fa1-939a-3ce433f80dcb,8abc59e2-2758-45d5-a8b6-8d30cfd08deb,4fd1884b-9a1d-45bd-83a4-5520195a8b3c,public summary
SE Sulawesi Monitoring Biofisik 2021,Indonesia,KAPUN8,-5.16226,122.74267,exposed,fringing,channel,2021,3,30,high,5-10m - fair,low,7,Managed Access,Pengelolaan Akses Area Perikanan (PAAP),2021,335453,government,full,"gear restriction,size limits,access restriction",3,114.49,"{'omnivore': 10.26, 'piscivore': 7.83, 'planktivore': 1.76, 'invertivore-mobile': 11.04, 'herbivore-macroalgae': 23.05, 'herbivore-detritivore': 60.55}","{'Scaridae': 53.17, 'Siganidae': 11.77, 'Lutjanidae': 11.04, 'Serranidae': 7.83, 'Acanthuridae': 30.68}",,,Rock,Sheltered Reef Slope,0.05014,0.36565,0.76178,0.17393,0.00542,-0.28,1.654174459,150.1085663,2.76400733,5331.664095,0,0,0.523450003,bf0eeb0c-1569-4702-ab06-375c45c71326,a3731bb7-0c15-4669-a734-9996241eef32,76fc53e6-8286-41e2-807a-96ab042fbf6a,,https://datamermaid.org/contact-project?project_id=76fc53e6-8286-41e2-807a-96ab042fbf6a,"[{'id': '6256aece-99b6-4d84-a2f7-c42e145b6ad4', 'name': 'Rare'}]",c570ff86-4992-4fa1-939a-3ce433f80dcb,8abc59e2-2758-45d5-a8b6-8d30cfd08deb,bf0eeb0c-1569-4702-ab06-375c45c71326,public summary
SE Sulawesi Monitoring Biofisik 2021,Indonesia,KULIS1,-4.81342,123.12096,exposed,fringing,fore reef,2021,4,11,low,5-10m - fair,low,5.67,Managed Access,Pengelolaan Akses Area Perikanan (PAAP),2021,335453,government,full,"gear restriction,size limits,access restriction",3,91.55,"{'invertivore-mobile': 24.01, 'herbivore-macroalgae': 3.41, 'herbivore-detritivore': 64.13}","{'Labridae': 4.6, 'Siganidae': 0.64, 'Lethrinidae': 19.41, 'Acanthuridae': 66.9}",,,Coral/Algae,Sheltered Reef Slope,0.0421,-0.39337,0.76178,0.17793,0.20326,-0.11924,1.38400603,70.18055725,1.20958364,3079.265915,0,0,0.495473298,a7ed7f1b-b5e4-4fc4-9a0d-656e58d37233,7fefc352-68ed-4655-8b8b-3df204aa523c,76fc53e6-8286-41e2-807a-96ab042fbf6a,,https://datamermaid.org/contact-project?project_id=76fc53e6-8286-41e2-807a-96ab042fbf6a,"[{'id': '6256aece-99b6-4d84-a2f7-c42e145b6ad4', 'name': 'Rare'}]",c570ff86-4992-4fa1-939a-3ce433f80dcb,8abc59e2-2758-45d5-a8b6-8d30cfd08deb,a7ed7f1b-b5e4-4fc4-9a0d-656e58d37233,public summary
SE Sulawesi Monitoring Biofisik 2021,Indonesia,KULIS2,-4.84111,123.12006,exposed,fringing,fore reef,2021,4,11,low,">10m - excellent, 5-10m - fair","low, moderate",5,Managed Access,Pengelolaan Akses Area Perikanan (PAAP),2021,335453,government,full,"gear restriction,size limits,access restriction",3,307.49,"{'omnivore': 2.15, 'piscivore': 57.23, 'planktivore': 139.78, 'invertivore-mobile': 44.34, 'herbivore-detritivore': 64.0}","{'Scaridae': 11.33, 'Siganidae': 16.69, 'Balistidae': 59.54, 'Carangidae': 4.18, 'Lutjanidae': 62.57, 'Lethrinidae': 34.82, 'Acanthuridae': 38.12, 'Caesioinidae': 80.24}",,,Coral/Algae,Sheltered Reef Slope,0.0421,-0.39337,0.76178,0.17793,0.20326,-0.11924,1.38400603,70.18055725,1.20958364,3079.265915,0,0,0.495473298,c1b9f507-89b0-4301-96f5-e65c671ac129,b70d8a2d-be9e-4d52-9a05-6dd3b156b22b,76fc53e6-8286-41e2-807a-96ab042fbf6a,,https://datamermaid.org/contact-project?project_id=76fc53e6-8286-41e2-807a-96ab042fbf6a,"[{'id': '6256aece-99b6-4d84-a2f7-c42e145b6ad4', 'name': 'Rare'}]",c570ff86-4992-4fa1-939a-3ce433f80dcb,8abc59e2-2758-45d5-a8b6-8d30cfd08deb,c1b9f507-89b0-4301-96f5-e65c671ac129,public summary
SE Sulawesi Monitoring Biofisik 2021,Indonesia,KULIS3,-4.78552,123.15209,exposed,fringing,fore reef,2021,4,11,slack,5-10m - fair,low,6,Managed Access,Pengelolaan Akses Area Perikanan (PAAP),2021,335453,government,full,"gear restriction,size limits,access restriction",3,106.56,"{'omnivore': 25.03, 'piscivore': 6.72, 'planktivore': 24.16, 'invertivore-mobile': 4.85, 'herbivore-detritivore': 45.8}","{'Siganidae': 3.64, 'Balistidae': 20.14, 'Lutjanidae': 4.85, 'Serranidae': 6.72, 'Acanthuridae': 71.21}",,,Rock,Sheltered Reef Slope,0.0385,-0.39337,0.76178,0.17799,0.15625,-0.10603,1.557745525,73.32762909,1.174486041,2795.873245,0,0,0.4969533,a92ca593-137e-48c9-b9d9-4c5ad2b04987,d688b573-713b-4b50-bb86-993d42857f66,76fc53e6-8286-41e2-807a-96ab042fbf6a,,https://datamermaid.org/contact-project?project_id=76fc53e6-8286-41e2-807a-96ab042fbf6a,"[{'id': '6256aece-99b6-4d84-a2f7-c42e145b6ad4', 'name': 'Rare'}]",c570ff86-4992-4fa1-939a-3ce433f80dcb,8abc59e2-2758-45d5-a8b6-8d30cfd08deb,a92ca593-137e-48c9-b9d9-4c5ad2b04987,public summary
SE Sulawesi Monitoring Biofisik 2021,Indonesia,KULIS6,-4.83437,123.1691,exposed,fringing,fore reef,2021,4,11,low,>10m - excellent,moderate,6,Managed Access,Pengelolaan Akses Area Perikanan (PAAP),2021,335453,government,full,"gear restriction,size limits,access restriction",3,211.47,"{'omnivore': 2.29, 'piscivore': 22.03, 'planktivore': 11.2, 'invertivore-mobile': 45.91, 'herbivore-detritivore': 130.04}","{'Scaridae': 41.32, 'Siganidae': 42.49, 'Carangidae': 14.05, 'Lutjanidae': 45.91, 'Serranidae': 7.98, 'Acanthuridae': 48.51, 'Caesioinidae': 11.2}",,,Rock,Sheltered Reef Slope,0.03662,-0.39337,0.76178,0.17672,0.13887,-0.13037,1.455809101,58.58918762,1.411274195,1869.17701,0,0,0.485901031,d046228a-9e8d-4bab-83b5-c8ed07635d48,5c3d2b9e-9ac3-45a6-a098-8319781f1434,76fc53e6-8286-41e2-807a-96ab042fbf6a,,https://datamermaid.org/contact-project?project_id=76fc53e6-8286-41e2-807a-96ab042fbf6a,"[{'id': '6256aece-99b6-4d84-a2f7-c42e145b6ad4', 'name': 'Rare'}]",c570ff86-4992-4fa1-939a-3ce433f80dcb,8abc59e2-2758-45d5-a8b6-8d30cfd08deb,d046228a-9e8d-4bab-83b5-c8ed07635d48,public summary
SE Sulawesi Monitoring Biofisik 2021,Indonesia,KULIS7,-4.8075,123.167,exposed,barrier,fore reef,2021,4,11,low,5-10m - fair,moderate,7,Reserve,Kawasan Larang Ambil (KLA),2021,18948,government,full,no take,3,133.9,"{'piscivore': 7.93, 'planktivore': 32.39, 'invertivore-mobile': 8.73, 'herbivore-detritivore': 84.84}","{'Scaridae': 38.06, 'Balistidae': 37.09, 'Lutjanidae': 10.07, 'Serranidae': 1.9, 'Acanthuridae': 46.78}",,,Rock,Inner Reef Flat,0.03662,-0.39337,0.76178,0.17672,0.13887,-0.13037,1.455809101,58.58918762,1.411274195,1869.17701,0,0,0.485901031,c2789e23-eda1-4b8b-9b11-758a80de9090,0845908b-c005-48c5-8812-bde8471c495a,76fc53e6-8286-41e2-807a-96ab042fbf6a,,https://datamermaid.org/contact-project?project_id=76fc53e6-8286-41e2-807a-96ab042fbf6a,"[{'id': '6256aece-99b6-4d84-a2f7-c42e145b6ad4', 'name': 'Rare'}]",c570ff86-4992-4fa1-939a-3ce433f80dcb,ae36a323-d4e5-47d2-bb04-25e7ef3406c3,c2789e23-eda1-4b8b-9b11-758a80de9090,public summary
SE Sulawesi Monitoring Biofisik 2021,Indonesia,KULIS8,-4.79436,123.14523,exposed,barrier,fore reef,2021,4,11,slack,5-10m - fair,low,5,Reserve,Kawasan Larang Ambil (KLA),2021,18948,government,full,no take,3,179.07,"{'piscivore': 9.54, 'planktivore': 72.51, 'invertivore-mobile': 10.0, 'herbivore-detritivore': 87.02}","{'Scaridae': 33.7, 'Balistidae': 39.61, 'Lutjanidae': 10.0, 'Serranidae': 9.54, 'Acanthuridae': 86.22}",,,Rock,Sheltered Reef Slope,0.04193,-0.39337,0.76178,0.17927,0.19512,-0.09488,1.452980657,95.87921143,1.130818367,5740.691818,0,0,0.51096094,fc28e6a2-2f2a-4c96-9315-3feee1b7739c,3c8188a1-0ec4-4480-83ee-4560c7c49756,76fc53e6-8286-41e2-807a-96ab042fbf6a,,https://datamermaid.org/contact-project?project_id=76fc53e6-8286-41e2-807a-96ab042fbf6a,"[{'id': '6256aece-99b6-4d84-a2f7-c42e145b6ad4', 'name': 'Rare'}]",c570ff86-4992-4fa1-939a-3ce433f80dcb,ae36a323-d4e5-47d2-bb04-25e7ef3406c3,fc28e6a2-2f2a-4c96-9315-3feee1b7739c,public summary
SE Sulawesi Monitoring Biofisik 2021,Indonesia,MAGIN1,-4.77327,122.26115,exposed,fringing,fore reef,2021,4,3,,,,6.1,Managed Access,Pengelolaan Akses Area Perikanan (PAAP),2021,335453,government,full,"gear restriction,size limits,access restriction",3,29.01,"{'piscivore': 10.17, 'invertivore-mobile': 17.12, 'herbivore-detritivore': 1.72}","{'Mullidae': 3.66, 'Siganidae': 1.72, 'Balistidae': 2.16, 'Lutjanidae': 10.55, 'Serranidae': 0.37, 'Nemipteridae': 10.55}",,,Coral/Algae,Outer Reef Flat,0.01834,1.15685,0.76178,0.202,-0.62366,-1.003,2.005904097,24.66669464,5.009925842,612.2085571,0,0,0.469682241,e5f2f7dc-512f-4903-927b-d0b274515845,0a0b5836-5b52-453c-ae2a-79d89769d4fb,76fc53e6-8286-41e2-807a-96ab042fbf6a,,https://datamermaid.org/contact-project?project_id=76fc53e6-8286-41e2-807a-96ab042fbf6a,"[{'id': '6256aece-99b6-4d84-a2f7-c42e145b6ad4', 'name': 'Rare'}]",c570ff86-4992-4fa1-939a-3ce433f80dcb,8abc59e2-2758-45d5-a8b6-8d30cfd08deb,e5f2f7dc-512f-4903-927b-d0b274515845,public summary
SE Sulawesi Monitoring Biofisik 2021,Indonesia,MAGIN3,-4.81858,122.291,exposed,fringing,fore reef,2021,4,3,,,,5,Managed Access,Pengelolaan Akses Area Perikanan (PAAP),2021,335453,government,full,"gear restriction,size limits,access restriction",3,36.06,"{'omnivore': 10.28, 'piscivore': 1.75, 'invertivore-mobile': 16.05, 'herbivore-detritivore': 7.97}","{'Mullidae': 6.51, 'Scaridae': 7.1, 'Siganidae': 0.86, 'Lutjanidae': 1.75, 'Acanthuridae': 10.28, 'Nemipteridae': 9.55}",,,,,0.02139,1.15685,0.76178,0.19943,-0.58396,-1.00015,1.952741788,19.97156906,5.293581486,812.1453705,0,0,0.471597699,70d03aa0-2688-4029-af94-8c1abb5c9f78,713c4f8f-6601-40ba-962c-f7fc5ecf0805,76fc53e6-8286-41e2-807a-96ab042fbf6a,,https://datamermaid.org/contact-project?project_id=76fc53e6-8286-41e2-807a-96ab042fbf6a,"[{'id': '6256aece-99b6-4d84-a2f7-c42e145b6ad4', 'name': 'Rare'}]",c570ff86-4992-4fa1-939a-3ce433f80dcb,8abc59e2-2758-45d5-a8b6-8d30cfd08deb,70d03aa0-2688-4029-af94-8c1abb5c9f78,public summary
SE Sulawesi Monitoring Biofisik 2021,Indonesia,MAGIN4,-4.8431,122.21632,exposed,fringing,fore reef,2021,4,3,rising,1-5m - poor,moderate,6,Reserve,Kawasan Larang Ambil (KLA),2021,18948,government,full,no take,3,22.64,"{'piscivore': 4.21, 'planktivore': 9.47, 'invertivore-mobile': 7.46, 'herbivore-detritivore': 1.51}","{'Labridae': 14.96, 'Balistidae': 0.75, 'Lutjanidae': 1.27, 'Serranidae': 2.62, 'Acanthuridae': 1.51, 'Chaetodontidae': 1.54}",,,Rock,Reef Crest,0.02809,1.15685,0.76178,0.20085,-0.54188,-0.79289,2.096468453,29.39717102,3.41794014,107.6665268,0,0,0.448341263,8b06b5c1-942e-4398-bda2-737a9c82a4d7,78e1a8d3-a117-4098-98cd-0092491b2b6c,76fc53e6-8286-41e2-807a-96ab042fbf6a,,https://datamermaid.org/contact-project?project_id=76fc53e6-8286-41e2-807a-96ab042fbf6a,"[{'id': '6256aece-99b6-4d84-a2f7-c42e145b6ad4', 'name': 'Rare'}]",c570ff86-4992-4fa1-939a-3ce433f80dcb,ae36a323-d4e5-47d2-bb04-25e7ef3406c3,8b06b5c1-942e-4398-bda2-737a9c82a4d7,public summary
SE Sulawesi Monitoring Biofisik 2021,Indonesia,MAGIN5,-4.86419,122.25579,exposed,fringing,fore reef,2021,4,2,,,,6,Reserve,Kawasan Larang Ambil (KLA),2021,18948,government,full,no take,3,76.64,"{'piscivore': 9.3, 'planktivore': 40.79, 'invertivore-mobile': 8.04, 'invertivore-sessile': 2.67, 'herbivore-detritivore': 15.84}","{'Labridae': 3.25, 'Scaridae': 11.53, 'Siganidae': 6.98, 'Lutjanidae': 9.3, 'Caesioinidae': 40.79, 'Nemipteridae': 4.79}",,,Coral/Algae,Sheltered Reef Slope,0.02533,1.15685,0.76178,0.19686,-0.54123,-0.95564,1.899579479,28.7713623,5.272209167,979.837471,0,0,0.478506971,e3e8c36e-e052-4ded-83d7-a1171b9e5b9f,7b5f531a-8294-4410-98d3-f6fd8361605e,76fc53e6-8286-41e2-807a-96ab042fbf6a,,https://datamermaid.org/contact-project?project_id=76fc53e6-8286-41e2-807a-96ab042fbf6a,"[{'id': '6256aece-99b6-4d84-a2f7-c42e145b6ad4', 'name': 'Rare'}]",c570ff86-4992-4fa1-939a-3ce433f80dcb,ae36a323-d4e5-47d2-bb04-25e7ef3406c3,e3e8c36e-e052-4ded-83d7-a1171b9e5b9f,public summary
SE Sulawesi Monitoring Biofisik 2021,Indonesia,MAGIN6,-4.93512,122.32075,exposed,fringing,fore reef,2021,4,2,rising,<1m - bad,"low, moderate",2,Managed Access,Pengelolaan Akses Area Perikanan (PAAP),2021,335453,government,full,"gear restriction,size limits,access restriction",3,3.11,"{'omnivore': 1.83, 'planktivore': 0.61, 'invertivore-mobile': 0.67}","{'Labridae': 0.32, 'Mullidae': 0.35, 'Pomacentridae': 2.44}",,,,,0.01205,0.96243,0.76178,0.193,-0.56383,-1.2334,1.53556991,76.35495758,7.52910614,3524.444908,0,0,0.510597726,569ae66e-68c4-4dd0-a80a-08fe9dded979,b7e93e0e-4fd1-4739-960c-db1a76aebfbe,76fc53e6-8286-41e2-807a-96ab042fbf6a,,https://datamermaid.org/contact-project?project_id=76fc53e6-8286-41e2-807a-96ab042fbf6a,"[{'id': '6256aece-99b6-4d84-a2f7-c42e145b6ad4', 'name': 'Rare'}]",c570ff86-4992-4fa1-939a-3ce433f80dcb,8abc59e2-2758-45d5-a8b6-8d30cfd08deb,569ae66e-68c4-4dd0-a80a-08fe9dded979,public summary
SE Sulawesi Monitoring Biofisik 2021,Indonesia,MAGIN7,-4.88772,122.28965,exposed,fringing,fore reef,2021,4,2,,,,6,Reserve,Kawasan Larang Ambil (KLA),2021,18948,government,full,no take,3,25.89,"{'invertivore-mobile': 11.36, 'herbivore-detritivore': 14.53}","{'Mullidae': 2.6, 'Scaridae': 14.53, 'Nemipteridae': 8.76}",,,,,0.02533,1.15685,0.76178,0.19686,-0.54123,-0.95564,1.899579479,28.7713623,5.272209167,979.837471,0,0,0.478506971,2fc23733-dad0-43ad-8feb-140a8ab0da0c,1fb7ce6a-f22a-463f-8f32-e03a5a7cdce1,76fc53e6-8286-41e2-807a-96ab042fbf6a,,https://datamermaid.org/contact-project?project_id=76fc53e6-8286-41e2-807a-96ab042fbf6a,"[{'id': '6256aece-99b6-4d84-a2f7-c42e145b6ad4', 'name': 'Rare'}]",c570ff86-4992-4fa1-939a-3ce433f80dcb,ae36a323-d4e5-47d2-bb04-25e7ef3406c3,2fc23733-dad0-43ad-8feb-140a8ab0da0c,public summary
SE Sulawesi Monitoring Biofisik 2021,Indonesia,MATAO1,-4.91954,122.08707,exposed,fringing,fore reef,2021,4,5,low,5-10m - fair,low,10,Managed Access,Pengelolaan Akses Area Perikanan (PAAP),2021,335453,government,full,"gear restriction,size limits,access restriction",3,52.77,"{'omnivore': 7.28, 'piscivore': 16.41, 'invertivore-mobile': 11.14, 'herbivore-macroalgae': 6.5, 'herbivore-detritivore': 11.45}","{'Labridae': 11.14, 'Siganidae': 11.45, 'Lutjanidae': 16.41, 'Acanthuridae': 13.78}",,,Coral/Algae,Reef Slope,0.04247,0.793600003,0.761780003,0.199500001,-0.297260001,-0.302480001,2.030146636,172.8171087,0.950784567,407.6035704,0,0,0.47813773,f5d8516a-7f88-40a7-bb0b-0b0270a73850,8cd795dc-87b1-46a5-9c6d-9892d3a386ce,76fc53e6-8286-41e2-807a-96ab042fbf6a,,https://datamermaid.org/contact-project?project_id=76fc53e6-8286-41e2-807a-96ab042fbf6a,"[{'id': '6256aece-99b6-4d84-a2f7-c42e145b6ad4', 'name': 'Rare'}]",c570ff86-4992-4fa1-939a-3ce433f80dcb,8abc59e2-2758-45d5-a8b6-8d30cfd08deb,f5d8516a-7f88-40a7-bb0b-0b0270a73850,public summary
SE Sulawesi Monitoring Biofisik 2021,Indonesia,MATAO2,-4.88977,122.05219,exposed,fringing,fore reef,2021,4,5,low,5-10m - fair,moderate,10,Reserve,Kawasan Larang Ambil (KLA),2021,18948,government,full,no take,3,27.49,"{'piscivore': 0.79, 'planktivore': 2.02, 'invertivore-mobile': 13.46, 'herbivore-detritivore': 11.22}","{'Labridae': 14.25, 'Scaridae': 11.22, 'Lutjanidae': 2.02}",,,Coral/Algae,Shallow Lagoon,0.02784,0.617599995,0.761779993,0.202299998,-0.392499997,-0.362369997,2.057183,313.3490879,1.642052755,4532.370614,0,0,0.529736907,b34cf109-ed66-44b7-99fa-dd60f4d35ee6,81b05979-3df7-4719-9f23-796b2b74da63,76fc53e6-8286-41e2-807a-96ab042fbf6a,,https://datamermaid.org/contact-project?project_id=76fc53e6-8286-41e2-807a-96ab042fbf6a,"[{'id': '6256aece-99b6-4d84-a2f7-c42e145b6ad4', 'name': 'Rare'}]",c570ff86-4992-4fa1-939a-3ce433f80dcb,ae36a323-d4e5-47d2-bb04-25e7ef3406c3,b34cf109-ed66-44b7-99fa-dd60f4d35ee6,public summary
SE Sulawesi Monitoring Biofisik 2021,Indonesia,MATAO4,-4.84567,122.11833,exposed,fringing,fore reef,2021,4,4,low,5-10m - fair,low,10,Reserve,Kawasan Larang Ambil (KLA),2021,18948,government,full,no take,3,56.89,"{'piscivore': 37.76, 'invertivore-mobile': 9.52, 'herbivore-detritivore': 9.62}","{'Labridae': 9.52, 'Scaridae': 9.62, 'Lutjanidae': 34.61, 'Serranidae': 3.15}",,,Coral/Algae,Sheltered Reef Slope,0.03977,1.15685,0.76178,0.20369,-0.46091,-0.47408,2.392668954,268.9234924,2.735958099,2866.596615,0,0,0.526482691,45f95f9c-275b-4870-b3cc-035734941d7e,1e5c0d80-1953-4013-a826-4caa0e2927b0,76fc53e6-8286-41e2-807a-96ab042fbf6a,,https://datamermaid.org/contact-project?project_id=76fc53e6-8286-41e2-807a-96ab042fbf6a,"[{'id': '6256aece-99b6-4d84-a2f7-c42e145b6ad4', 'name': 'Rare'}]",c570ff86-4992-4fa1-939a-3ce433f80dcb,ae36a323-d4e5-47d2-bb04-25e7ef3406c3,45f95f9c-275b-4870-b3cc-035734941d7e,public summary
SE Sulawesi Monitoring Biofisik 2021,Indonesia,MATAO5,-4.83917,122.14491,exposed,fringing,fore reef,2021,4,3,low,5-10m - fair,low,10,Reserve,Kawasan Larang Ambil (KLA),2021,18948,government,full,no take,3,73.04,"{'omnivore': 6.2, 'piscivore': 27.57, 'planktivore': 15.46, 'invertivore-mobile': 10.89, 'herbivore-detritivore': 12.93}","{'Labridae': 10.89, 'Scaridae': 19.13, 'Lutjanidae': 27.57, 'Caesioinidae': 15.46}",,,Coral/Algae,Back Reef Slope,0.03977,1.156850005,0.761780003,0.203690001,-0.460910002,-0.474080002,2.392668964,268.9234936,2.735958111,2866.596628,0,0,0.526482693,14c57324-cb29-4b7a-8a1b-631fe1df08bd,209bd88a-9969-4398-bdf1-c25f40295b47,76fc53e6-8286-41e2-807a-96ab042fbf6a,,https://datamermaid.org/contact-project?project_id=76fc53e6-8286-41e2-807a-96ab042fbf6a,"[{'id': '6256aece-99b6-4d84-a2f7-c42e145b6ad4', 'name': 'Rare'}]",c570ff86-4992-4fa1-939a-3ce433f80dcb,ae36a323-d4e5-47d2-bb04-25e7ef3406c3,14c57324-cb29-4b7a-8a1b-631fe1df08bd,public summary
SE Sulawesi Monitoring Biofisik 2021,Indonesia,MATAO6,-4.81514,122.15236,exposed,barrier,fore reef,2021,4,3,low,5-10m - fair,high,10,Managed Access,Pengelolaan Akses Area Perikanan (PAAP),2021,335453,government,full,"gear restriction,size limits,access restriction",3,34.4,"{'piscivore': 4.8, 'invertivore-mobile': 21.98, 'herbivore-detritivore': 7.61}","{'Labridae': 12.48, 'Mullidae': 4.22, 'Scaridae': 7.61, 'Lutjanidae': 8.68, 'Serranidae': 1.4}",,,Rock,Sheltered Reef Slope,0.0359,1.15685,0.76178,0.20227,-0.48936,-0.56876,2.240195118,107.7807083,2.513684988,164.1409326,0,0,0.469050559,ecbfacb4-252d-4278-9324-f844bd1d86cb,8d22d4f1-07b3-44e4-8f0b-69462d92075d,76fc53e6-8286-41e2-807a-96ab042fbf6a,,https://datamermaid.org/contact-project?project_id=76fc53e6-8286-41e2-807a-96ab042fbf6a,"[{'id': '6256aece-99b6-4d84-a2f7-c42e145b6ad4', 'name': 'Rare'}]",c570ff86-4992-4fa1-939a-3ce433f80dcb,8abc59e2-2758-45d5-a8b6-8d30cfd08deb,ecbfacb4-252d-4278-9324-f844bd1d86cb,public summary
SE Sulawesi Monitoring Biofisik 2021,Indonesia,MATAO7,-4.858833,122.0601,exposed,fringing,fore reef,2021,4,4,low,1-5m - poor,low,10,Managed Access,Pengelolaan Akses Area Perikanan (PAAP),2021,335453,government,full,"gear restriction,size limits,access restriction",3,19.56,"{'omnivore': 3.66, 'piscivore': 8.83, 'invertivore-mobile': 7.07}","{'Labridae': 7.07, 'Scaridae': 3.66, 'Lutjanidae': 8.83}",,,Coral/Algae,Sheltered Reef Slope,0.02784,0.6176,0.76178,0.2023,-0.3925,-0.36237,2.057183018,313.3490906,1.64205277,4532.370653,0,0,0.529736911,5245b87d-1a70-4f92-982b-a7d1fd9f4011,023a930d-834d-492f-8047-5a9b1ab32014,76fc53e6-8286-41e2-807a-96ab042fbf6a,,https://datamermaid.org/contact-project?project_id=76fc53e6-8286-41e2-807a-96ab042fbf6a,"[{'id': '6256aece-99b6-4d84-a2f7-c42e145b6ad4', 'name': 'Rare'}]",c570ff86-4992-4fa1-939a-3ce433f80dcb,8abc59e2-2758-45d5-a8b6-8d30cfd08deb,5245b87d-1a70-4f92-982b-a7d1fd9f4011,public summary
SE Sulawesi Monitoring Biofisik 2021,Indonesia,MAWAS2,-5.27672,122.26852,exposed,fringing,fore reef,2021,4,1,low,5-10m - fair,high,5,Managed Access,Pengelolaan Akses Area Perikanan (PAAP),2021,335453,government,full,"gear restriction,size limits,access restriction",3,51.17,"{'omnivore': 20.3, 'piscivore': 2.15, 'planktivore': 5.2, 'invertivore-mobile': 3.29, 'herbivore-detritivore': 20.23}","{'Labridae': 0.47, 'Scaridae': 29.77, 'Siganidae': 8.1, 'Lutjanidae': 4.57, 'Serranidae': 0.4, 'Acanthuridae': 2.66, 'Caesioinidae': 5.2}",,,,,0.01481,0.11077,0.76178,0.17634,-0.26155,-0.59771,1.608992472,60.22912598,19.00452423,7058.882164,0,0,0.523644301,8be75eff-c755-444d-aa99-5b4c8e0002c3,00ef3d59-bce6-460b-b987-c21f60ceff01,76fc53e6-8286-41e2-807a-96ab042fbf6a,,https://datamermaid.org/contact-project?project_id=76fc53e6-8286-41e2-807a-96ab042fbf6a,"[{'id': '6256aece-99b6-4d84-a2f7-c42e145b6ad4', 'name': 'Rare'}]",c570ff86-4992-4fa1-939a-3ce433f80dcb,8abc59e2-2758-45d5-a8b6-8d30cfd08deb,8be75eff-c755-444d-aa99-5b4c8e0002c3,public summary
SE Sulawesi Monitoring Biofisik 2021,Indonesia,MAWAS3,-5.28481,122.25244,exposed,barrier,fore reef,2021,4,1,high,5-10m - fair,high,5,Reserve,Kawasan Larang Ambil (KLA),2021,18948,government,full,no take,3,27.22,"{'piscivore': 7.09, 'invertivore-mobile': 7.38, 'herbivore-detritivore': 12.75}","{'Labridae': 7.38, 'Siganidae': 5.34, 'Serranidae': 7.09, 'Acanthuridae': 7.41}",,,,,0.01481,0.11077,0.76178,0.17634,-0.26155,-0.59771,1.608992472,60.229126,19.00452424,7058.882166,0,0,0.523644301,6943583b-7773-4c5d-9cb0-0f022037756a,7a6c81ce-aec3-4bc8-a2e6-6901c768d598,76fc53e6-8286-41e2-807a-96ab042fbf6a,,https://datamermaid.org/contact-project?project_id=76fc53e6-8286-41e2-807a-96ab042fbf6a,"[{'id': '6256aece-99b6-4d84-a2f7-c42e145b6ad4', 'name': 'Rare'}]",c570ff86-4992-4fa1-939a-3ce433f80dcb,ae36a323-d4e5-47d2-bb04-25e7ef3406c3,6943583b-7773-4c5d-9cb0-0f022037756a,public summary
SE Sulawesi Monitoring Biofisik 2021,Indonesia,MAWAS4,-5.35652,122.25968,exposed,fringing,fore reef,2021,4,1,low,5-10m - fair,high,5,Reserve,Kawasan Larang Ambil (KLA),2021,18948,government,full,no take,3,75.19,"{'omnivore': 5.95, 'piscivore': 4.72, 'invertivore-mobile': 9.36, 'herbivore-detritivore': 55.15}","{'Labridae': 3.72, 'Scaridae': 5.95, 'Siganidae': 12.41, 'Lutjanidae': 7.67, 'Serranidae': 2.69, 'Acanthuridae': 42.74}",,,,,0.04617,0.11077,0.76178,0.17121,0.05472,-0.19644,1.430187393,51.65156937,21.58929253,9303.024414,0,0,0.523001305,c9dfecfa-19df-495a-8f11-78d2f7210f3b,49a1ac3b-cddf-4545-b4b4-70d5bbffe2fc,76fc53e6-8286-41e2-807a-96ab042fbf6a,,https://datamermaid.org/contact-project?project_id=76fc53e6-8286-41e2-807a-96ab042fbf6a,"[{'id': '6256aece-99b6-4d84-a2f7-c42e145b6ad4', 'name': 'Rare'}]",c570ff86-4992-4fa1-939a-3ce433f80dcb,ae36a323-d4e5-47d2-bb04-25e7ef3406c3,c9dfecfa-19df-495a-8f11-78d2f7210f3b,public summary
SE Sulawesi Monitoring Biofisik 2021,Indonesia,MAWAS5,-5.36989,122.26509,exposed,fringing,fore reef,2021,4,1,low,"1-5m - poor, 5-10m - fair",high,5,Reserve,Kawasan Larang Ambil (KLA),2021,18948,government,full,no take,3,66.71,"{'piscivore': 13.65, 'herbivore-macroalgae': 6.65, 'herbivore-detritivore': 46.4}","{'Scaridae': 12.55, 'Siganidae': 9.53, 'Lutjanidae': 13.49, 'Serranidae': 0.16, 'Acanthuridae': 30.98}",,,Coral/Algae,Reef Slope,0.04617,0.11077,0.76178,0.17121,0.05472,-0.19644,1.430187393,51.65156937,21.58929253,9303.024414,0,0,0.523001305,a0a25a52-72a7-41db-80f5-35e79c36fc17,ff9aa3b5-e9e9-4660-ab97-571511de351b,76fc53e6-8286-41e2-807a-96ab042fbf6a,,https://datamermaid.org/contact-project?project_id=76fc53e6-8286-41e2-807a-96ab042fbf6a,"[{'id': '6256aece-99b6-4d84-a2f7-c42e145b6ad4', 'name': 'Rare'}]",c570ff86-4992-4fa1-939a-3ce433f80dcb,ae36a323-d4e5-47d2-bb04-25e7ef3406c3,a0a25a52-72a7-41db-80f5-35e79c36fc17,public summary
SE Sulawesi Monitoring Biofisik 2021,Indonesia,MAWAS6,-5.39834,122.27374,exposed,fringing,fore reef,2021,4,1,high,5-10m - fair,high,5,Managed Access,Pengelolaan Akses Area Perikanan (PAAP),2021,335453,government,full,"gear restriction,size limits,access restriction",3,229.51,"{'omnivore': 52.8, 'piscivore': 30.53, 'invertivore-mobile': 32.14, 'herbivore-macroalgae': 12.88, 'herbivore-detritivore': 101.16}","{'Labridae': 19.42, 'Scaridae': 101.48, 'Siganidae': 18.17, 'Lutjanidae': 32.16, 'Serranidae': 11.09, 'Acanthuridae': 47.18}",,,Coral/Algae,Reef Slope,0.04617,0.11077,0.76178,0.17121,0.05472,-0.19644,1.430187393,51.65156937,21.58929253,9303.024414,0,0,0.523001305,9153be86-7f74-4af3-8110-af16b7337c55,33f79e0d-d640-492f-9620-1d92225460a0,76fc53e6-8286-41e2-807a-96ab042fbf6a,,https://datamermaid.org/contact-project?project_id=76fc53e6-8286-41e2-807a-96ab042fbf6a,"[{'id': '6256aece-99b6-4d84-a2f7-c42e145b6ad4', 'name': 'Rare'}]",c570ff86-4992-4fa1-939a-3ce433f80dcb,8abc59e2-2758-45d5-a8b6-8d30cfd08deb,9153be86-7f74-4af3-8110-af16b7337c55,public summary
SE Sulawesi Monitoring Biofisik 2021,Indonesia,MAWAS7,-5.39842,122.3273,exposed,fringing,fore reef,2021,4,1,high,5-10m - fair,high,7,Reserve,Kawasan Larang Ambil (KLA),2021,18948,government,full,no take,3,153.7,"{'omnivore': 40.53, 'piscivore': 5.79, 'planktivore': 2.73, 'invertivore-mobile': 3.38, 'herbivore-macroalgae': 3.18, 'herbivore-detritivore': 98.09}","{'Scaridae': 85.42, 'Siganidae': 8.42, 'Lutjanidae': 5.9, 'Serranidae': 3.27, 'Acanthuridae': 47.95, 'Caesioinidae': 2.73}",,,,,0.07147,0.57831,0.76178,0.17045,0.15378,-0.14505,1.389608467,0,0,13694.8288,0,0,0.260774172,fab60f02-f4d9-4280-96bf-e7a1a7f6e7f7,a292ff31-1a28-4f2e-9e3f-41a486d04ebc,76fc53e6-8286-41e2-807a-96ab042fbf6a,,https://datamermaid.org/contact-project?project_id=76fc53e6-8286-41e2-807a-96ab042fbf6a,"[{'id': '6256aece-99b6-4d84-a2f7-c42e145b6ad4', 'name': 'Rare'}]",c570ff86-4992-4fa1-939a-3ce433f80dcb,ae36a323-d4e5-47d2-bb04-25e7ef3406c3,fab60f02-f4d9-4280-96bf-e7a1a7f6e7f7,public summary
SE Sulawesi Monitoring Biofisik 2021,Indonesia,MAWAS8,-5.31316,122.26286,exposed,barrier,fore reef,2021,4,1,low,5-10m - fair,low,5,Managed Access,Pengelolaan Akses Area Perikanan (PAAP),2021,335453,government,full,"gear restriction,size limits,access restriction",3,13.07,"{'piscivore': 8.56, 'herbivore-detritivore': 4.51}","{'Scaridae': 1.42, 'Siganidae': 1.4, 'Lutjanidae': 7.65, 'Serranidae': 0.91, 'Acanthuridae': 1.69}",,,,,0.03411,0.11077,0.76178,0.17377,-0.0653,-0.36231,1.53291346,0,0,9619.4244,0,0,0.25858962,2d5e7055-68c7-491b-abee-67317a867203,2286e1cc-3790-420a-a58e-06bae09ec71d,76fc53e6-8286-41e2-807a-96ab042fbf6a,,https://datamermaid.org/contact-project?project_id=76fc53e6-8286-41e2-807a-96ab042fbf6a,"[{'id': '6256aece-99b6-4d84-a2f7-c42e145b6ad4', 'name': 'Rare'}]",c570ff86-4992-4fa1-939a-3ce433f80dcb,8abc59e2-2758-45d5-a8b6-8d30cfd08deb,2d5e7055-68c7-491b-abee-67317a867203,public summary
SE Sulawesi Monitoring Biofisik 2021,Indonesia,MORAM1,-4.07863,122.76952,sheltered,fringing,fore reef,2021,3,28,,5-10m - fair,low,5,Managed Access,Pengelolaan Akses Area Perikanan (PAAP),2021,335453,government,full,"gear restriction,size limits,access restriction",3,116.5,"{'omnivore': 6.29, 'piscivore': 6.16, 'planktivore': 12.55, 'invertivore-mobile': 20.94, 'invertivore-sessile': 4.67, 'herbivore-detritivore': 65.88}","{'Labridae': 9.97, 'Mullidae': 7.17, 'Scaridae': 47.44, 'Siganidae': 18.48, 'Lutjanidae': 3.42, 'Serranidae': 2.74, 'Acanthuridae': 10.92, 'Caesioinidae': 12.55, 'Nemipteridae': 3.8}",,,Coral/Algae,Sheltered Reef Slope,0.06328,0.81503,0.76178,0.20418,-0.06142,-0.26631,26.51465767,205.855835,1.424181223,3320.175218,0,86,0.706035975,ed2fe86d-abb6-43ef-a3ae-c78512ff4fda,d3afc3d7-0459-4295-9950-5b50bd90a783,76fc53e6-8286-41e2-807a-96ab042fbf6a,,https://datamermaid.org/contact-project?project_id=76fc53e6-8286-41e2-807a-96ab042fbf6a,"[{'id': '6256aece-99b6-4d84-a2f7-c42e145b6ad4', 'name': 'Rare'}]",c570ff86-4992-4fa1-939a-3ce433f80dcb,8abc59e2-2758-45d5-a8b6-8d30cfd08deb,ed2fe86d-abb6-43ef-a3ae-c78512ff4fda,public summary
SE Sulawesi Monitoring Biofisik 2021,Indonesia,MORAM2,-4.10858,122.80081,sheltered,fringing,back reef,2021,3,28,falling,5-10m - fair,moderate,5,Managed Access,Pengelolaan Akses Area Perikanan (PAAP),2021,335453,government,full,"gear restriction,size limits,access restriction",3,55.87,"{'piscivore': 10.04, 'planktivore': 9.99, 'invertivore-mobile': 6.48, 'invertivore-sessile': 1.19, 'herbivore-detritivore': 28.16}","{'Labridae': 1.39, 'Scaridae': 23.83, 'Siganidae': 5.52, 'Balistidae': 2.0, 'Haemulidae': 0.91, 'Lutjanidae': 7.39, 'Serranidae': 3.32, 'Caesioinidae': 9.99, 'Nemipteridae': 1.5}",,,Coral/Algae,Sheltered Reef Slope,0.06432,0.81503,0.76178,0.20159,-0.06284,-0.17763,12.18951767,0,0,12751.99602,0,10,0.429243649,3eef7ecb-84f5-4c0e-9816-806fecf90b2f,b258bd8d-5272-4207-936f-6f3aaf4ae503,76fc53e6-8286-41e2-807a-96ab042fbf6a,,https://datamermaid.org/contact-project?project_id=76fc53e6-8286-41e2-807a-96ab042fbf6a,"[{'id': '6256aece-99b6-4d84-a2f7-c42e145b6ad4', 'name': 'Rare'}]",c570ff86-4992-4fa1-939a-3ce433f80dcb,8abc59e2-2758-45d5-a8b6-8d30cfd08deb,3eef7ecb-84f5-4c0e-9816-806fecf90b2f,public summary
SE Sulawesi Monitoring Biofisik 2021,Indonesia,MORAM3,-4.11564,122.82211,exposed,fringing,back reef,2021,3,28,,1-5m - poor,low,6,Managed Access,Pengelolaan Akses Area Perikanan (PAAP),2021,335453,government,full,"gear restriction,size limits,access restriction",3,68.27,"{'piscivore': 14.73, 'planktivore': 25.5, 'invertivore-mobile': 12.58, 'herbivore-macroalgae': 2.72, 'herbivore-detritivore': 12.75}","{'Labridae': 7.51, 'Mullidae': 0.61, 'Scaridae': 9.08, 'Siganidae': 6.39, 'Carangidae': 2.19, 'Lutjanidae': 7.43, 'Serranidae': 5.11, 'Caesioinidae': 25.5, 'Nemipteridae': 4.46}",,,Coral/Algae,Sheltered Reef Slope,0.06432,0.81503,0.76178,0.20159,-0.06284,-0.17763,12.18951767,0,0,12751.99602,0,10,0.429243649,1dc34496-bfe6-4a5b-9207-380b26b2dfdb,29a1688a-ede9-44dc-87ec-e56dd6517834,76fc53e6-8286-41e2-807a-96ab042fbf6a,,https://datamermaid.org/contact-project?project_id=76fc53e6-8286-41e2-807a-96ab042fbf6a,"[{'id': '6256aece-99b6-4d84-a2f7-c42e145b6ad4', 'name': 'Rare'}]",c570ff86-4992-4fa1-939a-3ce433f80dcb,8abc59e2-2758-45d5-a8b6-8d30cfd08deb,1dc34496-bfe6-4a5b-9207-380b26b2dfdb,public summary
SE Sulawesi Monitoring Biofisik 2021,Indonesia,MORAM5,-4.15096,122.76029,exposed,fringing,fore reef,2021,3,27,,,,6,Reserve,Kawasan Larang Ambil (KLA),2021,18948,government,full,no take,3,172.81,"{'omnivore': 19.56, 'piscivore': 13.53, 'planktivore': 79.51, 'invertivore-mobile': 17.15, 'herbivore-detritivore': 43.06}","{'Labridae': 12.06, 'Scaridae': 27.2, 'Siganidae': 20.58, 'Lutjanidae': 6.81, 'Serranidae': 6.73, 'Acanthuridae': 14.84, 'Caesioinidae': 79.51, 'Nemipteridae': 5.09}",,,Rock,Back Reef Slope,0.06257,0.81503,0.76178,0.20287,-0.05906,-0.31842,8.92677813,0,0,15237.93292,0,2,0.419487822,bb0e77b5-6a5d-433d-ac9a-7528eca0c407,9620a631-45ee-4901-89da-d49b74071909,76fc53e6-8286-41e2-807a-96ab042fbf6a,,https://datamermaid.org/contact-project?project_id=76fc53e6-8286-41e2-807a-96ab042fbf6a,"[{'id': '6256aece-99b6-4d84-a2f7-c42e145b6ad4', 'name': 'Rare'}]",c570ff86-4992-4fa1-939a-3ce433f80dcb,ae36a323-d4e5-47d2-bb04-25e7ef3406c3,bb0e77b5-6a5d-433d-ac9a-7528eca0c407,public summary
SE Sulawesi Monitoring Biofisik 2021,Indonesia,MORAM6,-4.12624,122.72997,exposed,fringing,fore reef,2021,3,27,rising,5-10m - fair,moderate,6,Managed Access,Pengelolaan Akses Area Perikanan (PAAP),2021,335453,government,full,"gear restriction,size limits,access restriction",3,79.17,"{'piscivore': 10.43, 'planktivore': 32.25, 'invertivore-mobile': 11.51, 'herbivore-detritivore': 24.97}","{'Labridae': 3.91, 'Scaridae': 21.6, 'Siganidae': 3.38, 'Haemulidae': 0.91, 'Lutjanidae': 8.51, 'Serranidae': 5.59, 'Caesioinidae': 32.25, 'Nemipteridae': 2.51, 'Holocentridae': 0.5}",,,,,0.05716,0.81503,0.76178,0.20546,-0.10083,-0.46391,23.25191813,285.0085449,1.404110909,9662.710848,0,0,0.582362124,cdf0cfae-ddcc-4bb1-a8e0-cd042130f949,f8acb0e8-61ef-4423-8fdb-7cf4cc33b183,76fc53e6-8286-41e2-807a-96ab042fbf6a,,https://datamermaid.org/contact-project?project_id=76fc53e6-8286-41e2-807a-96ab042fbf6a,"[{'id': '6256aece-99b6-4d84-a2f7-c42e145b6ad4', 'name': 'Rare'}]",c570ff86-4992-4fa1-939a-3ce433f80dcb,8abc59e2-2758-45d5-a8b6-8d30cfd08deb,cdf0cfae-ddcc-4bb1-a8e0-cd042130f949,public summary
SE Sulawesi Monitoring Biofisik 2021,Indonesia,MORAM7,-4.14972,122.80367,exposed,fringing,fore reef,2021,3,27,,,,6,Managed Access,Pengelolaan Akses Area Perikanan (PAAP),2021,335453,government,full,"gear restriction,size limits,access restriction",3,188.96,"{'omnivore': 12.82, 'piscivore': 22.04, 'planktivore': 66.63, 'invertivore-mobile': 31.87, 'invertivore-sessile': 2.55, 'herbivore-detritivore': 53.06}","{'Labridae': 5.92, 'Mullidae': 19.82, 'Scaridae': 57.31, 'Siganidae': 3.68, 'Carangidae': 0.88, 'Lutjanidae': 10.28, 'Serranidae': 4.71, 'Acanthuridae': 7.44, 'Caesioinidae': 66.63, 'Nemipteridae': 12.3}",,,Coral/Algae,Sheltered Reef Slope,0.064319999,0.815029993,0.761779993,0.201589998,-0.062839999,-0.177629998,12.18951757,0,0,12751.99591,0,9.999999912,0.429243646,63824289-a18a-488d-a01b-4aa026fc28ad,d880995a-0e4e-461d-9660-0a1a0b6f46d3,76fc53e6-8286-41e2-807a-96ab042fbf6a,,https://datamermaid.org/contact-project?project_id=76fc53e6-8286-41e2-807a-96ab042fbf6a,"[{'id': '6256aece-99b6-4d84-a2f7-c42e145b6ad4', 'name': 'Rare'}]",c570ff86-4992-4fa1-939a-3ce433f80dcb,8abc59e2-2758-45d5-a8b6-8d30cfd08deb,63824289-a18a-488d-a01b-4aa026fc28ad,public summary
SE Sulawesi Monitoring Biofisik 2021,Indonesia,NTZ1,-4.38772,122.74915,sheltered,fringing,fore reef,2021,4,10,,1-5m - poor,,10,Reserve,Kawasan Larang Ambil (KLA),2021,18948,government,full,no take,3,101.25,"{'omnivore': 1.01, 'piscivore': 1.09, 'planktivore': 77.33, 'invertivore-mobile': 14.92, 'herbivore-detritivore': 6.91}","{'Labridae': 6.21, 'Mullidae': 7.12, 'Balistidae': 1.6, 'Carangidae': 77.33, 'Serranidae': 1.09, 'Acanthuridae': 7.91}",,,Coral/Algae,Back Reef Slope,0.0409,1.10489,0.76178,0.20202,-0.31475,-1.04457,8.479090916,693.0910645,2.504884958,17655.40103,0,0,0.585935286,c31c1448-acd8-4775-985c-f704305e8fa2,b60c8753-c094-4a81-868e-c6bfeef362b5,76fc53e6-8286-41e2-807a-96ab042fbf6a,,https://datamermaid.org/contact-project?project_id=76fc53e6-8286-41e2-807a-96ab042fbf6a,"[{'id': '6256aece-99b6-4d84-a2f7-c42e145b6ad4', 'name': 'Rare'}]",c570ff86-4992-4fa1-939a-3ce433f80dcb,ae36a323-d4e5-47d2-bb04-25e7ef3406c3,c31c1448-acd8-4775-985c-f704305e8fa2,public summary
SE Sulawesi Monitoring Biofisik 2021,Indonesia,NTZ2,-4.41088,122.77388,exposed,fringing,fore reef,2021,4,10,,1-5m - poor,,10,Reserve,Kawasan Larang Ambil (KLA),2021,18948,government,full,no take,3,88.02,"{'omnivore': 6.46, 'piscivore': 3.69, 'planktivore': 34.64, 'invertivore-mobile': 10.14, 'herbivore-detritivore': 33.08}","{'Labridae': 8.46, 'Scaridae': 9.29, 'Siganidae': 9.01, 'Balistidae': 1.68, 'Carangidae': 34.64, 'Lutjanidae': 3.69, 'Acanthuridae': 21.24}",,,Coral/Algae,Back Reef Slope,0.07019,1.10489,0.76178,0.19957,-0.06218,-0.45669,5.72461218,575.8486938,2.136168003,9349.305664,0,0,0.568727178,25c83cec-2a43-472a-98f4-ea69fe269310,55c8907a-044f-4b30-b5b3-e438c4a79cc4,76fc53e6-8286-41e2-807a-96ab042fbf6a,,https://datamermaid.org/contact-project?project_id=76fc53e6-8286-41e2-807a-96ab042fbf6a,"[{'id': '6256aece-99b6-4d84-a2f7-c42e145b6ad4', 'name': 'Rare'}]",c570ff86-4992-4fa1-939a-3ce433f80dcb,ae36a323-d4e5-47d2-bb04-25e7ef3406c3,25c83cec-2a43-472a-98f4-ea69fe269310,public summary
SE Sulawesi Monitoring Biofisik 2021,Indonesia,NTZ3,-4.4373,122.84434,exposed,fringing,fore reef,2021,4,11,,,,7,Reserve,Kawasan Larang Ambil (KLA),2021,18948,government,full,no take,3,120.21,"{'omnivore': 14.38, 'piscivore': 8.01, 'invertivore-mobile': 18.95, 'invertivore-sessile': 2.55, 'herbivore-macroalgae': 6.65, 'herbivore-detritivore': 69.66}","{'Labridae': 6.9, 'Mullidae': 1.18, 'Scaridae': 37.37, 'Siganidae': 12.57, 'Balistidae': 6.39, 'Lutjanidae': 5.26, 'Serranidae': 2.75, 'Lethrinidae': 3.01, 'Acanthuridae': 43.3, 'Nemipteridae': 1.48}",,,Rock,Outer Reef Flat,0.08365,1.10489,0.76178,0.19782,0.0601,-0.21546,5.733048776,0,0,7753.605469,0,0,0.283743169,5c74ab87-4c47-4ba7-a111-d5083d2c568c,c0578792-6d38-43a6-9094-40a3881d09ff,76fc53e6-8286-41e2-807a-96ab042fbf6a,,https://datamermaid.org/contact-project?project_id=76fc53e6-8286-41e2-807a-96ab042fbf6a,"[{'id': '6256aece-99b6-4d84-a2f7-c42e145b6ad4', 'name': 'Rare'}]",c570ff86-4992-4fa1-939a-3ce433f80dcb,ae36a323-d4e5-47d2-bb04-25e7ef3406c3,5c74ab87-4c47-4ba7-a111-d5083d2c568c,public summary
SE Sulawesi Monitoring Biofisik 2021,Indonesia,PASIK1,-4.96714,122.7837,exposed,fringing,channel,2021,4,4,high,5-10m - fair,low,5,Reserve,Kawasan Larang Ambil (KLA),2021,18948,government,full,no take,3,148.36,"{'omnivore': 28.58, 'piscivore': 13.89, 'planktivore': 5.96, 'invertivore-mobile': 13.38, 'herbivore-detritivore': 86.56}","{'Labridae': 13.38, 'Scaridae': 105.09, 'Siganidae': 10.05, 'Lutjanidae': 13.89, 'Caesioinidae': 5.96}",,,,,-0.00258,-0.271459998,0.761779993,0.180759998,-0.313969997,-0.595549995,1.841280825,164.7136522,3.206990453,6346.231366,0,0,0.530832429,5dff9100-a89e-4bc8-9e92-501f2e588498,35a85058-a92d-4798-86cd-75e6bec9defc,76fc53e6-8286-41e2-807a-96ab042fbf6a,,https://datamermaid.org/contact-project?project_id=76fc53e6-8286-41e2-807a-96ab042fbf6a,"[{'id': '6256aece-99b6-4d84-a2f7-c42e145b6ad4', 'name': 'Rare'}]",c570ff86-4992-4fa1-939a-3ce433f80dcb,ae36a323-d4e5-47d2-bb04-25e7ef3406c3,5dff9100-a89e-4bc8-9e92-501f2e588498,public summary
SE Sulawesi Monitoring Biofisik 2021,Indonesia,PASIK2,-4.9673,122.75213,exposed,fringing,channel,2021,4,4,high,5-10m - fair,low,5,Reserve,Kawasan Larang Ambil (KLA),2021,18948,government,full,no take,3,133.38,"{'omnivore': 20.86, 'invertivore-mobile': 8.86, 'herbivore-detritivore': 103.66}","{'Labridae': 8.86, 'Scaridae': 72.81, 'Siganidae': 51.71}",,,Coral/Algae,Sheltered Reef Slope,-0.00258,-0.27146,0.76178,0.18076,-0.31397,-0.59555,1.841280841,164.7136536,3.20699048,6346.231421,0,0,0.530832434,458370b6-f6fe-4090-a00a-f8e5324fb0fe,4bf0b825-69c5-4258-897e-773700da433c,76fc53e6-8286-41e2-807a-96ab042fbf6a,,https://datamermaid.org/contact-project?project_id=76fc53e6-8286-41e2-807a-96ab042fbf6a,"[{'id': '6256aece-99b6-4d84-a2f7-c42e145b6ad4', 'name': 'Rare'}]",c570ff86-4992-4fa1-939a-3ce433f80dcb,ae36a323-d4e5-47d2-bb04-25e7ef3406c3,458370b6-f6fe-4090-a00a-f8e5324fb0fe,public summary
SE Sulawesi Monitoring Biofisik 2021,Indonesia,PASIK3,-5.09188,122.61497,exposed,fringing,channel,2021,3,30,low,5-10m - fair,low,5,Managed Access,Pengelolaan Akses Area Perikanan (PAAP),2021,335453,government,full,"gear restriction,size limits,access restriction",3,249.73,"{'omnivore': 110.43, 'piscivore': 3.9, 'invertivore-mobile': 68.51, 'herbivore-detritivore': 66.89}","{'Labridae': 12.07, 'Scaridae': 163.13, 'Haemulidae': 56.44, 'Serranidae': 3.9, 'Acanthuridae': 14.19}",,,Coral/Algae,Reef Slope,,,,,,,,,,,,,,c2775702-ff78-46db-854d-3d61e781359b,20ac2523-28ba-4739-b784-1fe3439ac155,76fc53e6-8286-41e2-807a-96ab042fbf6a,,https://datamermaid.org/contact-project?project_id=76fc53e6-8286-41e2-807a-96ab042fbf6a,"[{'id': '6256aece-99b6-4d84-a2f7-c42e145b6ad4', 'name': 'Rare'}]",c570ff86-4992-4fa1-939a-3ce433f80dcb,8abc59e2-2758-45d5-a8b6-8d30cfd08deb,c2775702-ff78-46db-854d-3d61e781359b,public summary
SE Sulawesi Monitoring Biofisik 2021,Indonesia,PASIK4,-5.1229,122.61387,exposed,fringing,channel,2021,3,30,high,5-10m - fair,low,8,Managed Access,Pengelolaan Akses Area Perikanan (PAAP),2021,335453,government,full,"gear restriction,size limits,access restriction",3,162.93,"{'omnivore': 27.07, 'piscivore': 9.26, 'invertivore-mobile': 33.56, 'herbivore-detritivore': 93.04}","{'Labridae': 5.8, 'Scaridae': 27.07, 'Siganidae': 7.5, 'Lutjanidae': 33.78, 'Serranidae': 3.24, 'Acanthuridae': 85.54}",,,Rock,Outer Reef Flat,0.03967,0.365650001,0.761780002,0.17739,-0.0879,-0.488010001,1.891050231,102.7421114,3.359759815,13406.4619,0,0,0.537259617,1d0bccc9-4857-4dea-886c-fc1e3afd3b67,657ccaf6-507f-45c2-93eb-00813ca5c689,76fc53e6-8286-41e2-807a-96ab042fbf6a,,https://datamermaid.org/contact-project?project_id=76fc53e6-8286-41e2-807a-96ab042fbf6a,"[{'id': '6256aece-99b6-4d84-a2f7-c42e145b6ad4', 'name': 'Rare'}]",c570ff86-4992-4fa1-939a-3ce433f80dcb,8abc59e2-2758-45d5-a8b6-8d30cfd08deb,1d0bccc9-4857-4dea-886c-fc1e3afd3b67,public summary
SE Sulawesi Monitoring Biofisik 2021,Indonesia,PASIK5,-5.18488,122.61737,exposed,fringing,channel,2021,3,30,"high, low",5-10m - fair,low,6,Managed Access,Pengelolaan Akses Area Perikanan (PAAP),2021,335453,government,full,"gear restriction,size limits,access restriction",3,124.48,"{'piscivore': 57.29, 'herbivore-macroalgae': 6.48, 'herbivore-detritivore': 60.7}","{'Scaridae': 35.21, 'Siganidae': 31.98, 'Lutjanidae': 55.87, 'Serranidae': 1.42}",,,,,0.04543,0.365650001,0.761780002,0.175280001,-0.0285,-0.414860001,1.806633845,145.3729863,5.365067022,8536.573898,0,0,0.535947849,1b44c706-90e1-40c5-954b-0a490c02a6fe,00c06960-fc3e-4d02-819c-b9d90928389c,76fc53e6-8286-41e2-807a-96ab042fbf6a,,https://datamermaid.org/contact-project?project_id=76fc53e6-8286-41e2-807a-96ab042fbf6a,"[{'id': '6256aece-99b6-4d84-a2f7-c42e145b6ad4', 'name': 'Rare'}]",c570ff86-4992-4fa1-939a-3ce433f80dcb,8abc59e2-2758-45d5-a8b6-8d30cfd08deb,1b44c706-90e1-40c5-954b-0a490c02a6fe,public summary
SE Sulawesi Monitoring Biofisik 2021,Indonesia,PASIK6,-5.05122,122.73442,exposed,fringing,channel,2021,3,30,high,5-10m - fair,low,5,Reserve,Kawasan Larang Ambil (KLA),2021,18948,government,full,no take,3,217.37,"{'omnivore': 80.33, 'piscivore': 6.87, 'invertivore-mobile': 3.79, 'herbivore-detritivore': 126.37}","{'Labridae': 3.79, 'Scaridae': 188.19, 'Serranidae': 6.87, 'Acanthuridae': 18.52}",,,,,0.03381,0.36565,0.76178,0.17784,-0.17495,-0.4122,1.908994478,127.4248276,1.792223215,2859.408261,0,0,0.511664208,3884356e-438b-4705-ba38-80ba1a4f53c4,65702d0d-8347-475d-837c-63976420fc4b,76fc53e6-8286-41e2-807a-96ab042fbf6a,,https://datamermaid.org/contact-project?project_id=76fc53e6-8286-41e2-807a-96ab042fbf6a,"[{'id': '6256aece-99b6-4d84-a2f7-c42e145b6ad4', 'name': 'Rare'}]",c570ff86-4992-4fa1-939a-3ce433f80dcb,ae36a323-d4e5-47d2-bb04-25e7ef3406c3,3884356e-438b-4705-ba38-80ba1a4f53c4,public summary
SE Sulawesi Monitoring Biofisik 2021,Indonesia,PASIK8,-5.09813,122.72398,exposed,fringing,channel,2021,3,30,high,>10m - excellent,low,8,Managed Access,Pengelolaan Akses Area Perikanan (PAAP),2021,335453,government,full,"gear restriction,size limits,access restriction",3,105.05,"{'piscivore': 29.75, 'planktivore': 33.88, 'invertivore-mobile': 6.96, 'herbivore-detritivore': 34.47}","{'Labridae': 6.96, 'Siganidae': 26.59, 'Ephippidae': 26.98, 'Serranidae': 2.77, 'Acanthuridae': 7.87, 'Caesioinidae': 33.88}",,,Coral/Algae,Reef Slope,0.03381,0.36565,0.76178,0.17784,-0.17495,-0.4122,1.908994478,127.4248276,1.792223215,2859.408261,0,0,0.511664208,1521e99e-ddb9-4279-9f92-2c9044571e6a,0840bc5c-53fa-45ca-817c-27f0a41b518f,76fc53e6-8286-41e2-807a-96ab042fbf6a,,https://datamermaid.org/contact-project?project_id=76fc53e6-8286-41e2-807a-96ab042fbf6a,"[{'id': '6256aece-99b6-4d84-a2f7-c42e145b6ad4', 'name': 'Rare'}]",c570ff86-4992-4fa1-939a-3ce433f80dcb,8abc59e2-2758-45d5-a8b6-8d30cfd08deb,1521e99e-ddb9-4279-9f92-2c9044571e6a,public summary
SE Sulawesi Monitoring Biofisik 2021,Indonesia,SAGOR1,-5.34738,121.78023,exposed,fringing,fore reef,2021,4,7,low,>10m - excellent,low,10,Managed Access,Pengelolaan Akses Area Perikanan (PAAP),2021,335453,government,full,"gear restriction,size limits,access restriction",3,84.88,"{'omnivore': 10.95, 'piscivore': 2.65, 'planktivore': 49.9, 'invertivore-mobile': 12.15, 'herbivore-macroalgae': 1.62, 'herbivore-detritivore': 7.61}","{'Labridae': 11.13, 'Mullidae': 1.02, 'Scaridae': 15.31, 'Lutjanidae': 3.35, 'Scombridae': 49.19, 'Acanthuridae': 4.87}",,,Coral/Algae,Reef Slope,0.05042,0.9627,0.76178,0.18196,-0.2498,-0.333,1.029684831,738.8959351,0.42581597,1539.198438,0,0,0.489819776,e19f3dca-ebf3-441b-b48f-676146da8787,1f5deea5-cc08-457b-be92-866677b73f86,76fc53e6-8286-41e2-807a-96ab042fbf6a,,https://datamermaid.org/contact-project?project_id=76fc53e6-8286-41e2-807a-96ab042fbf6a,"[{'id': '6256aece-99b6-4d84-a2f7-c42e145b6ad4', 'name': 'Rare'}]",c570ff86-4992-4fa1-939a-3ce433f80dcb,8abc59e2-2758-45d5-a8b6-8d30cfd08deb,e19f3dca-ebf3-441b-b48f-676146da8787,public summary
SE Sulawesi Monitoring Biofisik 2021,Indonesia,SAGOR2,-5.33695,121.75924,exposed,fringing,fore reef,2021,4,7,low,>10m - excellent,moderate,10,Managed Access,Pengelolaan Akses Area Perikanan (PAAP),2021,335453,government,full,"gear restriction,size limits,access restriction",3,88.32,"{'omnivore': 10.98, 'piscivore': 13.6, 'planktivore': 4.39, 'invertivore-mobile': 31.28, 'herbivore-macroalgae': 7.68, 'herbivore-detritivore': 20.38}","{'Labridae': 10.57, 'Mullidae': 1.02, 'Scaridae': 10.4, 'Siganidae': 9.79, 'Haemulidae': 9.14, 'Lutjanidae': 24.15, 'Serranidae': 2.25, 'Lethrinidae': 2.15, 'Acanthuridae': 18.86}",,,Coral/Algae,Reef Slope,0.05042,0.9627,0.76178,0.18196,-0.2498,-0.333,1.029684831,738.8959351,0.42581597,1539.198438,0,0,0.489819776,154d8dfb-161c-4602-9792-b3c23060347d,2fd16810-9d33-414b-8842-110de899c216,76fc53e6-8286-41e2-807a-96ab042fbf6a,,https://datamermaid.org/contact-project?project_id=76fc53e6-8286-41e2-807a-96ab042fbf6a,"[{'id': '6256aece-99b6-4d84-a2f7-c42e145b6ad4', 'name': 'Rare'}]",c570ff86-4992-4fa1-939a-3ce433f80dcb,8abc59e2-2758-45d5-a8b6-8d30cfd08deb,154d8dfb-161c-4602-9792-b3c23060347d,public summary
SE Sulawesi Monitoring Biofisik 2021,Indonesia,SAGOR3,-5.35974,121.73766,exposed,fringing,fore reef,2021,4,7,low,>10m - excellent,low,10,Reserve,Kawasan Larang Ambil (KLA),2021,18948,government,full,no take,3,218.88,"{'omnivore': 1.82, 'piscivore': 42.61, 'planktivore': 85.85, 'invertivore-mobile': 48.99, 'herbivore-macroalgae': 11.09, 'herbivore-detritivore': 28.52}","{'Labridae': 2.07, 'Scaridae': 7.49, 'Siganidae': 11.37, 'Carangidae': 22.6, 'Haemulidae': 20.46, 'Lutjanidae': 78.97, 'Scombridae': 2.16, 'Lethrinidae': 2.15, 'Acanthuridae': 28.34, 'Caesioinidae': 43.27}",,,Coral/Algae,Deep Lagoon,0.043240001,0.962700012,0.76178001,0.179550002,-0.314570004,-0.445880006,0.990315357,111.3045211,0.093231232,11.15774264,0,0,0.405080602,fdf497ae-5e9a-4b7e-a90d-da51de1a2e7a,4faa40da-5dd6-47a8-8c43-3a099914dbe1,76fc53e6-8286-41e2-807a-96ab042fbf6a,,https://datamermaid.org/contact-project?project_id=76fc53e6-8286-41e2-807a-96ab042fbf6a,"[{'id': '6256aece-99b6-4d84-a2f7-c42e145b6ad4', 'name': 'Rare'}]",c570ff86-4992-4fa1-939a-3ce433f80dcb,ae36a323-d4e5-47d2-bb04-25e7ef3406c3,fdf497ae-5e9a-4b7e-a90d-da51de1a2e7a,public summary
SE Sulawesi Monitoring Biofisik 2021,Indonesia,SAGOR4,-5.30793,121.76372,exposed,fringing,fore reef,2021,4,6,low,>10m - excellent,moderate,10,Managed Access,Pengelolaan Akses Area Perikanan (PAAP),2021,335453,government,full,"gear restriction,size limits,access restriction",3,137.29,"{'omnivore': 7.4, 'piscivore': 30.04, 'planktivore': 53.89, 'invertivore-mobile': 23.17, 'herbivore-macroalgae': 3.53, 'herbivore-detritivore': 19.27}","{'Labridae': 19.16, 'Scaridae': 6.03, 'Siganidae': 15.59, 'Haemulidae': 19.67, 'Lutjanidae': 14.38, 'Acanthuridae': 8.57, 'Caesioinidae': 53.89}",,,,,0.05042,0.9627,0.76178,0.18196,-0.2498,-0.333,1.029684831,738.895935,0.42581597,1539.198438,0,0,0.489819776,1f86b6f5-7805-47a6-a8c9-b06f025f79dd,18c50dfa-0941-4400-a0fb-f874a1a6f843,76fc53e6-8286-41e2-807a-96ab042fbf6a,,https://datamermaid.org/contact-project?project_id=76fc53e6-8286-41e2-807a-96ab042fbf6a,"[{'id': '6256aece-99b6-4d84-a2f7-c42e145b6ad4', 'name': 'Rare'}]",c570ff86-4992-4fa1-939a-3ce433f80dcb,8abc59e2-2758-45d5-a8b6-8d30cfd08deb,1f86b6f5-7805-47a6-a8c9-b06f025f79dd,public summary
SE Sulawesi Monitoring Biofisik 2021,Indonesia,SAGOR6,-5.23678,121.76996,exposed,fringing,fore reef,2021,4,7,low,>10m - excellent,low,10,Managed Access,Pengelolaan Akses Area Perikanan (PAAP),2021,335453,government,full,"gear restriction,size limits,access restriction",3,58.65,"{'omnivore': 12.23, 'piscivore': 13.77, 'planktivore': 1.76, 'invertivore-mobile': 18.84, 'herbivore-macroalgae': 4.87, 'herbivore-detritivore': 7.19}","{'Labridae': 9.47, 'Mullidae': 1.2, 'Scaridae': 5.54, 'Siganidae': 7.19, 'Haemulidae': 12.13, 'Lutjanidae': 11.57, 'Acanthuridae': 11.56}",,,Coral/Algae,Sheltered Reef Slope,0.04309,0.90433,0.76178,0.18829,-0.31394,-0.37055,1.184503612,768.8157349,1.439317703,2425.640198,0,0,0.510077466,59f25d55-8d9a-4049-a1d1-9f472958f92f,a0e36509-0dba-447b-9af3-47c73c2b4e47,76fc53e6-8286-41e2-807a-96ab042fbf6a,,https://datamermaid.org/contact-project?project_id=76fc53e6-8286-41e2-807a-96ab042fbf6a,"[{'id': '6256aece-99b6-4d84-a2f7-c42e145b6ad4', 'name': 'Rare'}]",c570ff86-4992-4fa1-939a-3ce433f80dcb,8abc59e2-2758-45d5-a8b6-8d30cfd08deb,59f25d55-8d9a-4049-a1d1-9f472958f92f,public summary
SE Sulawesi Monitoring Biofisik 2021,Indonesia,SAGOR7,-5.12458,121.81958,exposed,fringing,fore reef,2021,4,5,low,>10m - excellent,low,10,Reserve,Kawasan Larang Ambil (KLA),2021,18948,government,full,no take,3,58.11,"{'omnivore': 8.59, 'invertivore-mobile': 13.97, 'herbivore-macroalgae': 1.62, 'herbivore-detritivore': 33.93}","{'Labridae': 5.5, 'Mullidae': 8.47, 'Scaridae': 20.22, 'Siganidae': 7.38, 'Acanthuridae': 16.55}",,,Sand,Reef Slope,0.05537,0.904329997,0.761779998,0.193569999,-0.190009999,-0.252779999,1.237058803,222.0035699,1.658529515,3799.846257,0,0,0.510576804,c2d9d58b-da91-47a6-afa1-3679f0b1569d,ddb75dee-f4d3-412f-8234-e141b0485513,76fc53e6-8286-41e2-807a-96ab042fbf6a,,https://datamermaid.org/contact-project?project_id=76fc53e6-8286-41e2-807a-96ab042fbf6a,"[{'id': '6256aece-99b6-4d84-a2f7-c42e145b6ad4', 'name': 'Rare'}]",c570ff86-4992-4fa1-939a-3ce433f80dcb,ae36a323-d4e5-47d2-bb04-25e7ef3406c3,c2d9d58b-da91-47a6-afa1-3679f0b1569d,public summary
SE Sulawesi Monitoring Biofisik 2021,Indonesia,SIOMP1,-5.68043,122.45918,exposed,fringing,fore reef,2021,4,2,low,>10m - excellent,low,8,Managed Access,Pengelolaan Akses Area Perikanan (PAAP),2021,335453,government,full,"gear restriction,size limits,access restriction",3,214.19,"{'omnivore': 42.77, 'piscivore': 22.74, 'planktivore': 38.03, 'invertivore-mobile': 48.54, 'herbivore-detritivore': 62.1}","{'Chanidae': 18.21, 'Labridae': 33.28, 'Scaridae': 14.92, 'Balistidae': 23.26, 'Lutjanidae': 2.73, 'Serranidae': 25.05, 'Acanthuridae': 84.99, 'Nemipteridae': 11.75}",,,Coral/Algae,Sheltered Reef Slope,0.07061,0.57831,0.76178,0.15534,0.10115,0.15676,1.050065554,185.8285522,0.310993016,5203.388281,0,7,0.622193966,39e6d2cf-3dea-415a-9b9c-12bb85b12967,7cc45876-74a2-406b-a81f-cb0cf6885789,76fc53e6-8286-41e2-807a-96ab042fbf6a,,https://datamermaid.org/contact-project?project_id=76fc53e6-8286-41e2-807a-96ab042fbf6a,"[{'id': '6256aece-99b6-4d84-a2f7-c42e145b6ad4', 'name': 'Rare'}]",c570ff86-4992-4fa1-939a-3ce433f80dcb,8abc59e2-2758-45d5-a8b6-8d30cfd08deb,39e6d2cf-3dea-415a-9b9c-12bb85b12967,public summary
SE Sulawesi Monitoring Biofisik 2021,Indonesia,SIOMP2,-5.66852,122.48435,exposed,fringing,fore reef,2021,4,2,low,>10m - excellent,moderate,7,Reserve,Kawasan Larang Ambil (KLA),2021,18948,government,full,no take,3,153.21,"{'omnivore': 35.84, 'piscivore': 1.19, 'planktivore': 37.13, 'invertivore-mobile': 17.2, 'herbivore-detritivore': 61.85}","{'Mullidae': 5.11, 'Scaridae': 35.73, 'Siganidae': 7.36, 'Lutjanidae': 6.98, 'Serranidae': 1.19, 'Lethrinidae': 5.11, 'Acanthuridae': 61.3, 'Caesioinidae': 30.43}",,,Coral/Algae,Sheltered Reef Slope,0.070610001,0.578310008,0.761780011,0.155340002,0.101150001,0.156760002,1.050065568,185.8285549,0.31099302,5203.388354,0,7.000000098,0.622193974,367bc990-8c11-4172-8059-73e9047875b3,1ae79abc-b8a8-48b4-ac6f-4caa5f19cac8,76fc53e6-8286-41e2-807a-96ab042fbf6a,,https://datamermaid.org/contact-project?project_id=76fc53e6-8286-41e2-807a-96ab042fbf6a,"[{'id': '6256aece-99b6-4d84-a2f7-c42e145b6ad4', 'name': 'Rare'}]",c570ff86-4992-4fa1-939a-3ce433f80dcb,ae36a323-d4e5-47d2-bb04-25e7ef3406c3,367bc990-8c11-4172-8059-73e9047875b3,public summary
SE Sulawesi Monitoring Biofisik 2021,Indonesia,SIOMP4,-5.68715,122.54721,exposed,fringing,fore reef,2021,4,2,rising,>10m - excellent,moderate,6,Managed Access,Pengelolaan Akses Area Perikanan (PAAP),2021,335453,government,full,"gear restriction,size limits,access restriction",2,184.03,"{'omnivore': 13.28, 'piscivore': 10.19, 'planktivore': 5.27, 'invertivore-mobile': 49.82, 'herbivore-macroalgae': 37.98, 'herbivore-detritivore': 67.5}","{'Scaridae': 25.03, 'Siganidae': 50.49, 'Lutjanidae': 50.65, 'Serranidae': 10.19, 'Acanthuridae': 43.24, 'Nemipteridae': 4.44}",,,,,0.0727,0.57831,0.76178,0.15511,0.12486,0.16906,1.053870538,0,0,6007.80101,0,14,0.369120371,9c26b0a6-c5d4-4f0b-b8ef-01bcefe861c7,50529e75-c682-4783-8a5b-088ab35cfb4d,76fc53e6-8286-41e2-807a-96ab042fbf6a,,https://datamermaid.org/contact-project?project_id=76fc53e6-8286-41e2-807a-96ab042fbf6a,"[{'id': '6256aece-99b6-4d84-a2f7-c42e145b6ad4', 'name': 'Rare'}]",c570ff86-4992-4fa1-939a-3ce433f80dcb,8abc59e2-2758-45d5-a8b6-8d30cfd08deb,9c26b0a6-c5d4-4f0b-b8ef-01bcefe861c7,public summary
SE Sulawesi Monitoring Biofisik 2021,Indonesia,SIOMP4,-5.68715,122.54721,exposed,fringing,fore reef,2021,5,2,rising,>10m - excellent,moderate,6,Managed Access,Pengelolaan Akses Area Perikanan (PAAP),2021,335453,government,full,"gear restriction,size limits,access restriction",1,255.25,"{'omnivore': 10.04, 'piscivore': 24.25, 'planktivore': 172.49, 'invertivore-mobile': 46.09, 'herbivore-detritivore': 2.38}","{'Labridae': 20.97, 'Balistidae': 97.21, 'Lutjanidae': 17.42, 'Serranidae': 24.25, 'Acanthuridae': 12.42, 'Caesioinidae': 75.28, 'Nemipteridae': 7.7}",,,,,0.0727,0.57831,0.76178,0.15511,0.12486,0.16906,1.053870538,0,0,6007.80101,0,14,0.369120371,a953ca7a-071d-411b-8a4d-02ecfb09eac0,50529e75-c682-4783-8a5b-088ab35cfb4d,76fc53e6-8286-41e2-807a-96ab042fbf6a,,https://datamermaid.org/contact-project?project_id=76fc53e6-8286-41e2-807a-96ab042fbf6a,"[{'id': '6256aece-99b6-4d84-a2f7-c42e145b6ad4', 'name': 'Rare'}]",c570ff86-4992-4fa1-939a-3ce433f80dcb,8abc59e2-2758-45d5-a8b6-8d30cfd08deb,a953ca7a-071d-411b-8a4d-02ecfb09eac0,public summary
SE Sulawesi Monitoring Biofisik 2021,Indonesia,SIOMP5,-5.6276,122.54023,exposed,fringing,fore reef,2021,4,2,rising,>10m - excellent,moderate,6,Managed Access,Pengelolaan Akses Area Perikanan (PAAP),2021,335453,government,full,"gear restriction,size limits,access restriction",3,69.9,"{'omnivore': 8.01, 'piscivore': 11.26, 'planktivore': 0.62, 'invertivore-mobile': 10.24, 'invertivore-sessile': 9.46, 'herbivore-macroalgae': 3.77, 'herbivore-detritivore': 26.54}","{'Labridae': 1.86, 'Scaridae': 7.14, 'Siganidae': 3.02, 'Carangidae': 4.18, 'Lutjanidae': 7.59, 'Serranidae': 7.09, 'Lethrinidae': 0.7, 'Acanthuridae': 28.16, 'Nemipteridae': 0.71, 'Pomacanthidae': 9.46}",,,Rock,Sheltered Reef Slope,0.077120001,0.578310004,0.761780006,0.157060001,0.165230001,0.233540002,1.130742196,341.3816859,1.632434619,7311.950777,0,0,0.523075534,19f2d9d8-0d40-4925-a6f5-60c11a049bb1,75de4f86-2bcb-4e19-8b81-21fc0c1d0173,76fc53e6-8286-41e2-807a-96ab042fbf6a,,https://datamermaid.org/contact-project?project_id=76fc53e6-8286-41e2-807a-96ab042fbf6a,"[{'id': '6256aece-99b6-4d84-a2f7-c42e145b6ad4', 'name': 'Rare'}]",c570ff86-4992-4fa1-939a-3ce433f80dcb,8abc59e2-2758-45d5-a8b6-8d30cfd08deb,19f2d9d8-0d40-4925-a6f5-60c11a049bb1,public summary
SE Sulawesi Monitoring Biofisik 2021,Indonesia,SIOMP6,-5.62037,122.51912,exposed,fringing,fore reef,2021,4,2,"high, rising",>10m - excellent,moderate,5,Managed Access,Pengelolaan Akses Area Perikanan (PAAP),2021,335453,government,full,"gear restriction,size limits,access restriction",3,147.75,"{'omnivore': 46.27, 'piscivore': 25.89, 'invertivore-mobile': 27.28, 'herbivore-detritivore': 48.31}","{'Labridae': 9.58, 'Scaridae': 66.14, 'Siganidae': 6.8, 'Haemulidae': 2.42, 'Lutjanidae': 16.41, 'Serranidae': 23.36, 'Lethrinidae': 1.4, 'Acanthuridae': 21.64}",,,Coral/Algae,Reef Slope,0.07712,0.57831,0.76178,0.15706,0.16523,0.23354,1.130742187,341.3816833,1.632434607,7311.950722,0,0,0.52307553,935749ad-0394-4992-b028-3bf7dcc356ab,454644a9-d324-46f0-bd4a-684c7e17625f,76fc53e6-8286-41e2-807a-96ab042fbf6a,,https://datamermaid.org/contact-project?project_id=76fc53e6-8286-41e2-807a-96ab042fbf6a,"[{'id': '6256aece-99b6-4d84-a2f7-c42e145b6ad4', 'name': 'Rare'}]",c570ff86-4992-4fa1-939a-3ce433f80dcb,8abc59e2-2758-45d5-a8b6-8d30cfd08deb,935749ad-0394-4992-b028-3bf7dcc356ab,public summary
SE Sulawesi Monitoring Biofisik 2021,Indonesia,SIOMP7,-5.65373,122.4927,exposed,barrier,fore reef,2021,4,2,rising,>10m - excellent,moderate,10,Reserve,Kawasan Larang Ambil (KLA),2021,18948,government,full,no take,3,118.1,"{'omnivore': 22.12, 'piscivore': 1.77, 'planktivore': 19.76, 'invertivore-mobile': 1.07, 'herbivore-macroalgae': 9.5, 'herbivore-detritivore': 63.88}","{'Labridae': 1.07, 'Scaridae': 25.8, 'Balistidae': 16.78, 'Serranidae': 1.77, 'Acanthuridae': 72.68}",,,Coral/Algae,Sheltered Reef Slope,0.07061,0.57831,0.76178,0.15534,0.10115,0.15676,1.050065554,185.8285522,0.310993016,5203.388281,0,7,0.622193966,0e3df8b1-fc37-4702-85b5-9240722eabf7,2bd00c54-8e10-441e-b048-1dea97ca1302,76fc53e6-8286-41e2-807a-96ab042fbf6a,,https://datamermaid.org/contact-project?project_id=76fc53e6-8286-41e2-807a-96ab042fbf6a,"[{'id': '6256aece-99b6-4d84-a2f7-c42e145b6ad4', 'name': 'Rare'}]",c570ff86-4992-4fa1-939a-3ce433f80dcb,ae36a323-d4e5-47d2-bb04-25e7ef3406c3,0e3df8b1-fc37-4702-85b5-9240722eabf7,public summary
SE Sulawesi Monitoring Biofisik 2021,Indonesia,SIONT1,-5.31553,123.20327,exposed,fringing,fore reef,2021,3,28,slack,5-10m - fair,moderate,7,Managed Access,Pengelolaan Akses Area Perikanan (PAAP),2021,335453,government,full,"gear restriction,size limits,access restriction",3,172.09,"{'omnivore': 16.53, 'piscivore': 3.54, 'planktivore': 81.13, 'invertivore-mobile': 12.76, 'herbivore-detritivore': 58.14}","{'Scaridae': 16.53, 'Siganidae': 13.0, 'Balistidae': 81.13, 'Lutjanidae': 12.76, 'Serranidae': 3.54, 'Acanthuridae': 45.14}",,,,,,,,,,,,,,,,,,db154b4d-7f34-4327-b98c-3eca2f3774bc,90808fa6-f5aa-4d57-b671-7845b163f324,76fc53e6-8286-41e2-807a-96ab042fbf6a,,https://datamermaid.org/contact-project?project_id=76fc53e6-8286-41e2-807a-96ab042fbf6a,"[{'id': '6256aece-99b6-4d84-a2f7-c42e145b6ad4', 'name': 'Rare'}]",c570ff86-4992-4fa1-939a-3ce433f80dcb,8abc59e2-2758-45d5-a8b6-8d30cfd08deb,db154b4d-7f34-4327-b98c-3eca2f3774bc,public summary
SE Sulawesi Monitoring Biofisik 2021,Indonesia,SIONT2,-5.33657,123.19466,exposed,fringing,fore reef,2021,3,28,slack,5-10m - fair,moderate,6,Reserve,Kawasan Larang Ambil (KLA),2021,18948,government,full,no take,3,86.61,"{'piscivore': 15.16, 'planktivore': 5.52, 'invertivore-mobile': 3.49, 'herbivore-detritivore': 62.44}","{'Scaridae': 15.29, 'Siganidae': 9.01, 'Balistidae': 3.49, 'Lutjanidae': 18.74, 'Serranidae': 1.95, 'Acanthuridae': 38.14}",,,Rock,Outer Reef Flat,0.06588,0.6771,0.76178,0.16406,0.04522,-0.12995,0.98859044,0,0,12296.37689,0,0,0.250454432,060a6904-4305-4b77-9109-5b6cf2a124d5,6564fcc9-a282-4ebe-bdcb-2e5ca39d25b6,76fc53e6-8286-41e2-807a-96ab042fbf6a,,https://datamermaid.org/contact-project?project_id=76fc53e6-8286-41e2-807a-96ab042fbf6a,"[{'id': '6256aece-99b6-4d84-a2f7-c42e145b6ad4', 'name': 'Rare'}]",c570ff86-4992-4fa1-939a-3ce433f80dcb,ae36a323-d4e5-47d2-bb04-25e7ef3406c3,060a6904-4305-4b77-9109-5b6cf2a124d5,public summary
SE Sulawesi Monitoring Biofisik 2021,Indonesia,SIONT3,-5.36695,123.16908,exposed,fringing,fore reef,2021,3,28,low,5-10m - fair,moderate,5,Reserve,Kawasan Larang Ambil (KLA),2021,18948,government,full,no take,3,108.35,"{'piscivore': 17.56, 'invertivore-mobile': 14.77, 'herbivore-macroalgae': 10.39, 'herbivore-detritivore': 65.64}","{'Scaridae': 27.76, 'Siganidae': 10.39, 'Lutjanidae': 30.38, 'Serranidae': 1.95, 'Acanthuridae': 37.88}",,,Rock,Terrestrial Reef Flat,0.05873,0.6771,0.76178,0.16279,-0.03384,-0.17205,0.948956664,42.25208664,0.24069047,7839.681274,0,0,0.483650569,180e1e33-f9fd-4608-a60d-b09dae7fa540,32a0ebfa-bf64-4e02-89a7-678afca6294e,76fc53e6-8286-41e2-807a-96ab042fbf6a,,https://datamermaid.org/contact-project?project_id=76fc53e6-8286-41e2-807a-96ab042fbf6a,"[{'id': '6256aece-99b6-4d84-a2f7-c42e145b6ad4', 'name': 'Rare'}]",c570ff86-4992-4fa1-939a-3ce433f80dcb,ae36a323-d4e5-47d2-bb04-25e7ef3406c3,180e1e33-f9fd-4608-a60d-b09dae7fa540,public summary
SE Sulawesi Monitoring Biofisik 2021,Indonesia,SIONT4,-5.38184,123.15185,exposed,fringing,fore reef,2021,3,28,slack,>10m - excellent,high,5.33,Managed Access,Pengelolaan Akses Area Perikanan (PAAP),2021,335453,government,full,"gear restriction,size limits,access restriction",3,63.52,"{'piscivore': 1.59, 'invertivore-mobile': 9.76, 'herbivore-macroalgae': 15.01, 'herbivore-detritivore': 37.16}","{'Siganidae': 12.91, 'Lutjanidae': 9.76, 'Serranidae': 1.59, 'Acanthuridae': 39.26}",,,Coral/Algae,Terrestrial Reef Flat,0.05873,0.677100002,0.761780003,0.162790001,-0.03384,-0.172050001,0.948956667,42.25208678,0.240690471,7839.681301,0,0,0.48365057,d43e75f5-a8e0-4417-b595-cc7ba112867a,4f7f8c33-c658-4224-994d-b445a8913f12,76fc53e6-8286-41e2-807a-96ab042fbf6a,,https://datamermaid.org/contact-project?project_id=76fc53e6-8286-41e2-807a-96ab042fbf6a,"[{'id': '6256aece-99b6-4d84-a2f7-c42e145b6ad4', 'name': 'Rare'}]",c570ff86-4992-4fa1-939a-3ce433f80dcb,8abc59e2-2758-45d5-a8b6-8d30cfd08deb,d43e75f5-a8e0-4417-b595-cc7ba112867a,public summary
SE Sulawesi Monitoring Biofisik 2021,Indonesia,SIONT5,-5.40467,123.11939,exposed,fringing,fore reef,2021,3,28,slack,>10m - excellent,high,6,Reserve,Kawasan Larang Ambil (KLA),2021,18948,government,full,no take,3,159.39,"{'planktivore': 90.85, 'invertivore-mobile': 22.96, 'invertivore-sessile': 6.11, 'herbivore-macroalgae': 2.84, 'herbivore-detritivore': 36.63}","{'Labridae': 7.49, 'Scaridae': 3.13, 'Siganidae': 12.24, 'Balistidae': 90.85, 'Lutjanidae': 15.47, 'Acanthuridae': 30.21}",,,Rock,Terrestrial Reef Flat,0.05775,0.60788,0.76178,0.16182,-0.01267,-0.18267,0.929660773,60.19993591,0.197910726,5151.088165,0,0,0.479471598,208106a5-7e91-45e8-9dca-c87d543eccf3,22811aec-7ad2-4a3d-87cc-cff184aeb177,76fc53e6-8286-41e2-807a-96ab042fbf6a,,https://datamermaid.org/contact-project?project_id=76fc53e6-8286-41e2-807a-96ab042fbf6a,"[{'id': '6256aece-99b6-4d84-a2f7-c42e145b6ad4', 'name': 'Rare'}]",c570ff86-4992-4fa1-939a-3ce433f80dcb,ae36a323-d4e5-47d2-bb04-25e7ef3406c3,208106a5-7e91-45e8-9dca-c87d543eccf3,public summary
SE Sulawesi Monitoring Biofisik 2021,Indonesia,SIONT6,-5.417,123.08949,exposed,fringing,fore reef,2021,3,28,low,>10m - excellent,high,6,Managed Access,Pengelolaan Akses Area Perikanan (PAAP),2021,335453,government,full,"gear restriction,size limits,access restriction",3,177.47,"{'piscivore': 5.24, 'planktivore': 91.64, 'invertivore-mobile': 34.82, 'herbivore-detritivore': 45.77}","{'Scaridae': 4.18, 'Siganidae': 16.58, 'Lutjanidae': 45.87, 'Serranidae': 5.24, 'Acanthuridae': 105.6}",,,Coral/Algae,Sheltered Reef Slope,0.0584,0.5433,0.76178,0.16212,0.01684,-0.14916,0.949998658,86.41112518,0.317265987,8092.398773,0,0,0.495206499,dffe0ccc-7ae5-4489-abe7-5e127716951e,aa28ecf2-5c52-4c80-bfd3-41e4ca1071e7,76fc53e6-8286-41e2-807a-96ab042fbf6a,,https://datamermaid.org/contact-project?project_id=76fc53e6-8286-41e2-807a-96ab042fbf6a,"[{'id': '6256aece-99b6-4d84-a2f7-c42e145b6ad4', 'name': 'Rare'}]",c570ff86-4992-4fa1-939a-3ce433f80dcb,8abc59e2-2758-45d5-a8b6-8d30cfd08deb,dffe0ccc-7ae5-4489-abe7-5e127716951e,public summary
SE Sulawesi Monitoring Biofisik 2021,Indonesia,TALRAY1,-5.47597,121.9236,exposed,fringing,fore reef,2021,4,8,low,>10m - excellent,moderate,10,Reserve,Kawasan Larang Ambil (KLA),2021,18948,government,full,no take,3,50.77,"{'omnivore': 2.89, 'piscivore': 6.89, 'invertivore-mobile': 21.24, 'invertivore-sessile': 3.5, 'herbivore-macroalgae': 4.44, 'herbivore-detritivore': 11.81}","{'Labridae': 15.5, 'Mullidae': 4.3, 'Siganidae': 3.5, 'Serranidae': 8.33, 'Acanthuridae': 19.13}",,,,,0.04631,0.519240003,0.761780005,0.170540001,-0.116250001,-0.223060001,0.911586924,340.1699851,0.14444922,4701.331075,0,0,0.493165896,c6b93a2b-62cc-45ef-8ee1-7c03f879f537,0a501153-7260-49ef-bfe4-625ac128a9de,76fc53e6-8286-41e2-807a-96ab042fbf6a,,https://datamermaid.org/contact-project?project_id=76fc53e6-8286-41e2-807a-96ab042fbf6a,"[{'id': '6256aece-99b6-4d84-a2f7-c42e145b6ad4', 'name': 'Rare'}]",c570ff86-4992-4fa1-939a-3ce433f80dcb,ae36a323-d4e5-47d2-bb04-25e7ef3406c3,c6b93a2b-62cc-45ef-8ee1-7c03f879f537,public summary
SE Sulawesi Monitoring Biofisik 2021,Indonesia,TALRAY2,-5.4931,121.93444,exposed,fringing,fore reef,2021,4,8,,>10m - excellent,low,10,Managed Access,Pengelolaan Akses Area Perikanan (PAAP),2021,335453,government,full,"gear restriction,size limits,access restriction",3,43.65,"{'omnivore': 10.76, 'piscivore': 7.7, 'invertivore-mobile': 17.67, 'herbivore-macroalgae': 6.06, 'herbivore-detritivore': 1.47}","{'Labridae': 7.56, 'Mullidae': 4.07, 'Scaridae': 2.08, 'Haemulidae': 7.7, 'Lutjanidae': 6.03, 'Acanthuridae': 16.21}",,,Coral/Algae,Sheltered Reef Slope,0.04631,0.51924,0.76178,0.17054,-0.11625,-0.22306,0.911586918,340.1699829,0.144449219,4701.331045,0,0,0.493165892,dc00f86b-655a-4754-99ff-95100593635a,94ae2954-471e-48ab-847e-4946753ed13c,76fc53e6-8286-41e2-807a-96ab042fbf6a,,https://datamermaid.org/contact-project?project_id=76fc53e6-8286-41e2-807a-96ab042fbf6a,"[{'id': '6256aece-99b6-4d84-a2f7-c42e145b6ad4', 'name': 'Rare'}]",c570ff86-4992-4fa1-939a-3ce433f80dcb,8abc59e2-2758-45d5-a8b6-8d30cfd08deb,dc00f86b-655a-4754-99ff-95100593635a,public summary
SE Sulawesi Monitoring Biofisik 2021,Indonesia,TALRAY3,-5.52145,121.99358,exposed,fringing,fore reef,2021,4,8,,>10m - excellent,low,10,Managed Access,Pengelolaan Akses Area Perikanan (PAAP),2021,335453,government,full,"gear restriction,size limits,access restriction",3,37.27,"{'omnivore': 4.68, 'piscivore': 12.61, 'invertivore-mobile': 16.82, 'herbivore-detritivore': 3.16}","{'Labridae': 15.96, 'Mullidae': 0.86, 'Scaridae': 3.16, 'Haemulidae': 4.65, 'Lutjanidae': 2.31, 'Serranidae': 5.64, 'Acanthuridae': 4.68}",,,Coral/Algae,Reef Slope,0.04049,0.38176,0.76178,0.16713,-0.12513,-0.22028,0.956479197,183.3985443,0.08642178,2942.138296,0,0,0.476818818,3d42a804-e3ec-43b1-b37e-052bd0d01f2c,0769fa9c-7ff1-4ff8-9197-4009a594390d,76fc53e6-8286-41e2-807a-96ab042fbf6a,,https://datamermaid.org/contact-project?project_id=76fc53e6-8286-41e2-807a-96ab042fbf6a,"[{'id': '6256aece-99b6-4d84-a2f7-c42e145b6ad4', 'name': 'Rare'}]",c570ff86-4992-4fa1-939a-3ce433f80dcb,8abc59e2-2758-45d5-a8b6-8d30cfd08deb,3d42a804-e3ec-43b1-b37e-052bd0d01f2c,public summary
SE Sulawesi Monitoring Biofisik 2021,Indonesia,TALRAY4,-5.48832,122.05472,exposed,fringing,channel,2021,4,9,,5-10m - fair,low,10,Reserve,Kawasan Larang Ambil (KLA),2021,18948,government,full,no take,3,48.13,"{'omnivore': 6.99, 'piscivore': 6.19, 'invertivore-mobile': 17.28, 'herbivore-macroalgae': 8.37, 'herbivore-detritivore': 9.3}","{'Labridae': 17.28, 'Scaridae': 4.97, 'Siganidae': 9.3, 'Serranidae': 6.19, 'Acanthuridae': 10.39}",,,Coral/Algae,Sheltered Reef Slope,0.04698,0.381759997,0.761779994,0.168629999,-0.05572,-0.171649999,1.03609805,99.54557726,0.227007074,4766.220607,0,0,0.488073282,5539d3a0-72cc-4773-be81-34d2f42044cf,2dcff805-8c42-4f77-a1bd-8d64131d7353,76fc53e6-8286-41e2-807a-96ab042fbf6a,,https://datamermaid.org/contact-project?project_id=76fc53e6-8286-41e2-807a-96ab042fbf6a,"[{'id': '6256aece-99b6-4d84-a2f7-c42e145b6ad4', 'name': 'Rare'}]",c570ff86-4992-4fa1-939a-3ce433f80dcb,ae36a323-d4e5-47d2-bb04-25e7ef3406c3,5539d3a0-72cc-4773-be81-34d2f42044cf,public summary
SE Sulawesi Monitoring Biofisik 2021,Indonesia,TALRAY5,-5.49253,122.07934,exposed,fringing,fore reef,2021,4,9,,>10m - excellent,low,10,Reserve,Kawasan Larang Ambil (KLA),2021,18948,government,full,no take,3,415.62,"{'omnivore': 13.76, 'piscivore': 11.26, 'planktivore': 330.6, 'invertivore-mobile': 18.02, 'herbivore-macroalgae': 12.37, 'herbivore-detritivore': 29.61}","{'Labridae': 18.02, 'Scaridae': 7.69, 'Siganidae': 16.5, 'Scombridae': 78.92, 'Serranidae': 6.04, 'Lethrinidae': 5.22, 'Acanthuridae': 185.04, 'Caesioinidae': 98.19}",,,Rock,Sheltered Reef Slope,0.04698,0.38176,0.76178,0.16863,-0.05572,-0.17165,1.036098058,99.545578,0.227007076,4766.220642,0,0,0.488073285,2757d643-b16c-40dd-a9bc-7fba82cca104,39b738de-cc5b-4c0f-9870-e1872ff0f908,76fc53e6-8286-41e2-807a-96ab042fbf6a,,https://datamermaid.org/contact-project?project_id=76fc53e6-8286-41e2-807a-96ab042fbf6a,"[{'id': '6256aece-99b6-4d84-a2f7-c42e145b6ad4', 'name': 'Rare'}]",c570ff86-4992-4fa1-939a-3ce433f80dcb,ae36a323-d4e5-47d2-bb04-25e7ef3406c3,2757d643-b16c-40dd-a9bc-7fba82cca104,public summary
SE Sulawesi Monitoring Biofisik 2021,Indonesia,TALRAY7,-5.44763,122.04902,exposed,fringing,fore reef,2021,4,9,,>10m - excellent,low,10,Managed Access,Pengelolaan Akses Area Perikanan (PAAP),2021,335453,government,full,"gear restriction,size limits,access restriction",3,54.87,"{'omnivore': 12.83, 'piscivore': 11.35, 'invertivore-mobile': 15.1, 'herbivore-macroalgae': 4.87, 'herbivore-detritivore': 10.73}","{'Labridae': 14.0, 'Mullidae': 2.04, 'Scaridae': 5.51, 'Siganidae': 8.97, 'Lutjanidae': 5.29, 'Serranidae': 5.12, 'Acanthuridae': 13.94}",,,,,,,,,,,,,,,,,,ade5cbd9-47e6-4c9d-8c5d-3379761bb121,f92cac57-cbae-4e7b-93e6-f00df27e7bc2,76fc53e6-8286-41e2-807a-96ab042fbf6a,,https://datamermaid.org/contact-project?project_id=76fc53e6-8286-41e2-807a-96ab042fbf6a,"[{'id': '6256aece-99b6-4d84-a2f7-c42e145b6ad4', 'name': 'Rare'}]",c570ff86-4992-4fa1-939a-3ce433f80dcb,8abc59e2-2758-45d5-a8b6-8d30cfd08deb,ade5cbd9-47e6-4c9d-8c5d-3379761bb121,public summary
SE Sulawesi Monitoring Biofisik 2021,Indonesia,TIWOR1,-4.5773,122.30295,exposed,fringing,fore reef,2021,4,5,rising,5-10m - fair,moderate,6,Managed Access,Pengelolaan Akses Area Perikanan (PAAP),2021,335453,government,full,"gear restriction,size limits,access restriction",3,166.6,"{'omnivore': 3.31, 'piscivore': 6.8, 'invertivore-mobile': 152.79, 'herbivore-detritivore': 3.69}","{'Labridae': 6.41, 'Mullidae': 1.78, 'Scaridae': 0.52, 'Carangidae': 74.05, 'Lutjanidae': 67.27, 'Serranidae': 6.41, 'Acanthuridae': 6.48, 'Nemipteridae': 3.18, 'Holocentridae': 0.49}",,,Rock,Sheltered Reef Slope,-0.06977,-0.78398,0.76178,0.21054,-0.817,-1.29401,3.494666396,437.128418,29.8541584,712.479912,0,0,0.52023112,c314bbb4-ee11-47c3-ac48-c9337de9e965,33517f8e-83fc-4d82-8d5c-c8ce1a08419a,76fc53e6-8286-41e2-807a-96ab042fbf6a,,https://datamermaid.org/contact-project?project_id=76fc53e6-8286-41e2-807a-96ab042fbf6a,"[{'id': '6256aece-99b6-4d84-a2f7-c42e145b6ad4', 'name': 'Rare'}]",c570ff86-4992-4fa1-939a-3ce433f80dcb,8abc59e2-2758-45d5-a8b6-8d30cfd08deb,c314bbb4-ee11-47c3-ac48-c9337de9e965,public summary
SE Sulawesi Monitoring Biofisik 2021,Indonesia,TIWOR2,-4.58446,122.33176,exposed,fringing,fore reef,2021,4,5,,,,6.2,Managed Access,Pengelolaan Akses Area Perikanan (PAAP),2021,335453,government,full,"gear restriction,size limits,access restriction",3,91.17,"{'piscivore': 10.29, 'invertivore-mobile': 28.31, 'herbivore-detritivore': 52.57}","{'Labridae': 7.63, 'Mullidae': 5.42, 'Scaridae': 41.73, 'Lutjanidae': 6.51, 'Serranidae': 3.78, 'Acanthuridae': 10.84, 'Nemipteridae': 15.26}",,,Rock,Inner Reef Flat,-0.06977,-0.78398,0.76178,0.21054,-0.817,-1.29401,3.494666396,437.128418,29.8541584,712.479912,0,0,0.52023112,e56401e0-b55d-4b7f-a4db-99821754efad,714ae5cf-1082-4e29-9139-55cb874728e1,76fc53e6-8286-41e2-807a-96ab042fbf6a,,https://datamermaid.org/contact-project?project_id=76fc53e6-8286-41e2-807a-96ab042fbf6a,"[{'id': '6256aece-99b6-4d84-a2f7-c42e145b6ad4', 'name': 'Rare'}]",c570ff86-4992-4fa1-939a-3ce433f80dcb,8abc59e2-2758-45d5-a8b6-8d30cfd08deb,e56401e0-b55d-4b7f-a4db-99821754efad,public summary
SE Sulawesi Monitoring Biofisik 2021,Indonesia,TIWOR3,-4.63096,122.33135,exposed,fringing,channel,2021,4,5,,,,8.3,Reserve,Kawasan Larang Ambil (KLA),2021,18948,government,full,no take,3,67.22,"{'omnivore': 16.96, 'piscivore': 12.32, 'invertivore-mobile': 5.1, 'herbivore-detritivore': 32.85}","{'Labridae': 5.1, 'Scaridae': 24.18, 'Lutjanidae': 12.32, 'Acanthuridae': 25.63}",,,Rock,Outer Reef Flat,-0.06896,-0.74496,0.76178,0.20803,-0.83282,-1.23416,2.723771873,228.4694519,14.03950977,4495.195793,0,0,0.541845759,a8ea8d1b-7153-48ea-bb1c-82510a31af00,8b689f82-eeb5-4ebc-90f5-8f25e5654f72,76fc53e6-8286-41e2-807a-96ab042fbf6a,,https://datamermaid.org/contact-project?project_id=76fc53e6-8286-41e2-807a-96ab042fbf6a,"[{'id': '6256aece-99b6-4d84-a2f7-c42e145b6ad4', 'name': 'Rare'}]",c570ff86-4992-4fa1-939a-3ce433f80dcb,ae36a323-d4e5-47d2-bb04-25e7ef3406c3,a8ea8d1b-7153-48ea-bb1c-82510a31af00,public summary
SE Sulawesi Monitoring Biofisik 2021,Indonesia,TIWOR4,-4.6448,122.33294,exposed,fringing,channel,2021,4,4,,,,7.5,Reserve,Kawasan Larang Ambil (KLA),2021,18948,government,full,no take,3,106.9,"{'piscivore': 32.34, 'planktivore': 18.42, 'invertivore-mobile': 43.56, 'herbivore-detritivore': 12.58}","{'Labridae': 11.16, 'Mullidae': 5.2, 'Scaridae': 6.28, 'Siganidae': 6.31, 'Lutjanidae': 25.35, 'Serranidae': 10.68, 'Caesioinidae': 18.42, 'Nemipteridae': 23.5}",,,Rock,Outer Reef Flat,-0.06896,-0.74496,0.76178,0.20803,-0.83282,-1.23416,2.723771873,228.4694519,14.03950977,4495.195793,0,0,0.541845759,ef2ae79d-9740-4ce2-be0a-56f3d170e48e,b034b371-895b-4e67-80c8-c6a0ec930e97,76fc53e6-8286-41e2-807a-96ab042fbf6a,,https://datamermaid.org/contact-project?project_id=76fc53e6-8286-41e2-807a-96ab042fbf6a,"[{'id': '6256aece-99b6-4d84-a2f7-c42e145b6ad4', 'name': 'Rare'}]",c570ff86-4992-4fa1-939a-3ce433f80dcb,ae36a323-d4e5-47d2-bb04-25e7ef3406c3,ef2ae79d-9740-4ce2-be0a-56f3d170e48e,public summary
SE Sulawesi Monitoring Biofisik 2021,Indonesia,TIWOR6,-4.6591,122.29202,exposed,fringing,fore reef,2021,4,4,,,,6,Managed Access,Pengelolaan Akses Area Perikanan (PAAP),2021,335453,government,full,"gear restriction,size limits,access restriction",3,154.61,"{'omnivore': 7.25, 'piscivore': 45.2, 'planktivore': 33.94, 'invertivore-mobile': 33.07, 'herbivore-detritivore': 35.15}","{'Labridae': 7.38, 'Mullidae': 2.96, 'Scaridae': 26.42, 'Balistidae': 5.39, 'Carangidae': 20.76, 'Haemulidae': 17.31, 'Lutjanidae': 6.95, 'Serranidae': 5.34, 'Acanthuridae': 15.98, 'Caesioinidae': 33.94, 'Nemipteridae': 12.19}",,,Seagrass,Sheltered Reef Slope,-0.05865,-0.74496,0.76178,0.20713,-0.74319,-1.03056,2.44150571,124.6042862,8.971045494,1763.495238,0,0,0.515031735,0ac9873d-48e0-4507-86b7-0d853d84ceff,423fa8fb-3ace-4a92-af62-f0f77acff972,76fc53e6-8286-41e2-807a-96ab042fbf6a,,https://datamermaid.org/contact-project?project_id=76fc53e6-8286-41e2-807a-96ab042fbf6a,"[{'id': '6256aece-99b6-4d84-a2f7-c42e145b6ad4', 'name': 'Rare'}]",c570ff86-4992-4fa1-939a-3ce433f80dcb,8abc59e2-2758-45d5-a8b6-8d30cfd08deb,0ac9873d-48e0-4507-86b7-0d853d84ceff,public summary
SE Sulawesi Monitoring Biofisik 2021,Indonesia,TIWOR7,-4.69816,122.39209,exposed,fringing,fore reef,2021,4,4,rising,1-5m - poor,moderate,6,Reserve,Kawasan Larang Ambil (KLA),2021,18948,government,full,no take,3,45.39,"{'piscivore': 24.49, 'planktivore': 0.59, 'invertivore-mobile': 17.62, 'herbivore-detritivore': 2.69}","{'Labridae': 2.99, 'Mullidae': 6.15, 'Scaridae': 2.69, 'Lutjanidae': 23.06, 'Serranidae': 0.38, 'Caesioinidae': 0.59, 'Nemipteridae': 8.48, 'Scorpaenidae': 1.05}",,,,,-0.07541,-0.74496,0.76178,0.20393,-0.88181,-1.37439,2.171820547,107.2409363,10.51610947,4709.028347,0,0,0.529473443,27bd9caa-981d-4912-832e-942a58985cfa,28029bcb-11ca-4688-9ced-637fb3162079,76fc53e6-8286-41e2-807a-96ab042fbf6a,,https://datamermaid.org/contact-project?project_id=76fc53e6-8286-41e2-807a-96ab042fbf6a,"[{'id': '6256aece-99b6-4d84-a2f7-c42e145b6ad4', 'name': 'Rare'}]",c570ff86-4992-4fa1-939a-3ce433f80dcb,ae36a323-d4e5-47d2-bb04-25e7ef3406c3,27bd9caa-981d-4912-832e-942a58985cfa,public summary
SE Sulawesi Monitoring Biofisik 2021,Indonesia,UZ1,-4.39601,122.75924,sheltered,fringing,fore reef,2021,4,11,,,,6,Managed Access,Pengelolaan Akses Area Perikanan (PAAP),2021,335453,government,full,"gear restriction,size limits,access restriction",3,171.68,"{'piscivore': 5.41, 'planktivore': 128.31, 'invertivore-mobile': 14.29, 'herbivore-detritivore': 23.67}","{'Labridae': 1.31, 'Mullidae': 3.43, 'Scaridae': 9.44, 'Siganidae': 14.23, 'Balistidae': 2.64, 'Serranidae': 5.41, 'Caesioinidae': 128.31, 'Nemipteridae': 6.92}",,,Rock,Terrestrial Reef Flat,,,,,,,,,,,,,,0bec1118-6d60-4ea9-bc2e-a94d39941ea7,65f41377-459d-4763-a6df-24fde708380e,76fc53e6-8286-41e2-807a-96ab042fbf6a,,https://datamermaid.org/contact-project?project_id=76fc53e6-8286-41e2-807a-96ab042fbf6a,"[{'id': '6256aece-99b6-4d84-a2f7-c42e145b6ad4', 'name': 'Rare'}]",c570ff86-4992-4fa1-939a-3ce433f80dcb,8abc59e2-2758-45d5-a8b6-8d30cfd08deb,0bec1118-6d60-4ea9-bc2e-a94d39941ea7,public summary
SE Sulawesi Monitoring Biofisik 2021,Indonesia,UZ2,-4.42498,122.7985,sheltered,fringing,fore reef,2021,4,10,,1-5m - poor,,10,Managed Access,Pengelolaan Akses Area Perikanan (PAAP),2021,335453,government,full,"gear restriction,size limits,access restriction",3,111.97,"{'omnivore': 1.58, 'planktivore': 86.74, 'invertivore-mobile': 19.47, 'herbivore-detritivore': 4.17}","{'Labridae': 3.72, 'Mullidae': 5.92, 'Scaridae': 1.58, 'Siganidae': 4.17, 'Balistidae': 9.83, 'Carangidae': 27.71, 'Caesioinidae': 59.03}",,,Seagrass,Terrestrial Reef Flat,0.07019,1.10489,0.76178,0.19957,-0.06218,-0.45669,5.72461218,575.8486938,2.136168003,9349.305664,0,0,0.568727178,8b6cf331-0f78-460c-a4ac-2844541c94d5,8b4c3457-cd04-442e-a857-feb78d34a04e,76fc53e6-8286-41e2-807a-96ab042fbf6a,,https://datamermaid.org/contact-project?project_id=76fc53e6-8286-41e2-807a-96ab042fbf6a,"[{'id': '6256aece-99b6-4d84-a2f7-c42e145b6ad4', 'name': 'Rare'}]",c570ff86-4992-4fa1-939a-3ce433f80dcb,8abc59e2-2758-45d5-a8b6-8d30cfd08deb,8b6cf331-0f78-460c-a4ac-2844541c94d5,public summary
SE Sulawesi Monitoring Biofisik 2021,Indonesia,UZ3,-4.42284,122.86157,exposed,fringing,fore reef,2021,4,11,,,,6,Managed Access,Pengelolaan Akses Area Perikanan (PAAP),2021,335453,government,full,"gear restriction,size limits,access restriction",3,112.68,"{'invertivore-mobile': 42.76, 'herbivore-detritivore': 69.91}","{'Labridae': 22.24, 'Mullidae': 9.3, 'Scaridae': 29.16, 'Siganidae': 35.86, 'Acanthuridae': 4.89, 'Nemipteridae': 11.22}",,,Coral/Algae,Sheltered Reef Slope,0.08516,1.10489,0.76178,0.19607,0.06837,-0.15149,5.607760473,383.6737061,1.171278834,6768.107119,0,0,0.556610424,dfbf4cc0-a8e4-40e8-aa84-6646a1955e4a,975389ca-4c6d-4960-939f-1b48c34eab10,76fc53e6-8286-41e2-807a-96ab042fbf6a,,https://datamermaid.org/contact-project?project_id=76fc53e6-8286-41e2-807a-96ab042fbf6a,"[{'id': '6256aece-99b6-4d84-a2f7-c42e145b6ad4', 'name': 'Rare'}]",c570ff86-4992-4fa1-939a-3ce433f80dcb,8abc59e2-2758-45d5-a8b6-8d30cfd08deb,dfbf4cc0-a8e4-40e8-aa84-6646a1955e4a,public summary
SE Sulawesi Monitoring Biofisik 2021,Indonesia,WABUL1,-5.61543,122.86898,exposed,fringing,fore reef,2021,3,27,high,5-10m - fair,low,5.67,Managed Access,Pengelolaan Akses Area Perikanan (PAAP),2021,335453,government,full,"gear restriction,size limits,access restriction",3,263.09,"{'omnivore': 19.17, 'piscivore': 14.44, 'planktivore': 4.75, 'invertivore-mobile': 137.75, 'herbivore-macroalgae': 11.71, 'herbivore-detritivore': 75.26}","{'Labridae': 1.13, 'Scaridae': 45.17, 'Siganidae': 22.6, 'Haemulidae': 128.64, 'Lutjanidae': 22.42, 'Acanthuridae': 43.12}",,,,,0.03533,0.31064,0.76178,0.1563,-0.15462,-0.17965,1.135415233,314.6601563,2.938372612,9539.738264,0,12,0.656415142,4d55a934-681b-4895-bd05-b7aeccd8bc7e,bd84b53f-0901-40c9-98db-89865ecce3b0,76fc53e6-8286-41e2-807a-96ab042fbf6a,,https://datamermaid.org/contact-project?project_id=76fc53e6-8286-41e2-807a-96ab042fbf6a,"[{'id': '6256aece-99b6-4d84-a2f7-c42e145b6ad4', 'name': 'Rare'}]",c570ff86-4992-4fa1-939a-3ce433f80dcb,8abc59e2-2758-45d5-a8b6-8d30cfd08deb,4d55a934-681b-4895-bd05-b7aeccd8bc7e,public summary
SE Sulawesi Monitoring Biofisik 2021,Indonesia,WABUL5,-5.62727,122.85188,exposed,fringing,fore reef,2021,3,27,high,>10m - excellent,low,6,Managed Access,Pengelolaan Akses Area Perikanan (PAAP),2021,335453,government,full,"gear restriction,size limits,access restriction",3,160.06,"{'omnivore': 1.61, 'piscivore': 31.38, 'planktivore': 27.03, 'invertivore-mobile': 40.15, 'herbivore-detritivore': 59.89}","{'Scaridae': 24.17, 'Siganidae': 8.34, 'Balistidae': 25.23, 'Lutjanidae': 33.22, 'Serranidae': 15.98, 'Lethrinidae': 24.13, 'Acanthuridae': 28.99}",,,Rock,Back Reef Slope,0.03533,0.31064,0.76178,0.1563,-0.15462,-0.17965,1.135415233,314.6601563,2.938372612,9539.738264,0,12,0.656415142,f0c2887a-5919-4c62-b2fa-f054f6972bc7,0efedc15-8187-40ad-8fc5-230ec3704fb6,76fc53e6-8286-41e2-807a-96ab042fbf6a,,https://datamermaid.org/contact-project?project_id=76fc53e6-8286-41e2-807a-96ab042fbf6a,"[{'id': '6256aece-99b6-4d84-a2f7-c42e145b6ad4', 'name': 'Rare'}]",c570ff86-4992-4fa1-939a-3ce433f80dcb,8abc59e2-2758-45d5-a8b6-8d30cfd08deb,f0c2887a-5919-4c62-b2fa-f054f6972bc7,public summary
SE Sulawesi Monitoring Biofisik 2021,Indonesia,WABUL6,-5.63841,122.84261,exposed,fringing,fore reef,2021,3,27,low,>10m - excellent,low,5,Reserve,Kawasan Larang Ambil (KLA),2021,18948,government,full,no take,3,179.9,"{'omnivore': 7.54, 'piscivore': 42.98, 'planktivore': 38.77, 'invertivore-mobile': 31.45, 'herbivore-macroalgae': 16.51, 'herbivore-detritivore': 42.65}","{'Scaridae': 23.98, 'Siganidae': 11.13, 'Balistidae': 38.77, 'Haemulidae': 23.34, 'Lutjanidae': 28.97, 'Serranidae': 13.47, 'Lethrinidae': 8.65, 'Acanthuridae': 31.59}",,,,,,,,,,,,,,,,,,3a8b69de-ba61-4b59-ba7a-2c8e2549cbc8,d18d2d11-7076-4b97-a8a1-420096583463,76fc53e6-8286-41e2-807a-96ab042fbf6a,,https://datamermaid.org/contact-project?project_id=76fc53e6-8286-41e2-807a-96ab042fbf6a,"[{'id': '6256aece-99b6-4d84-a2f7-c42e145b6ad4', 'name': 'Rare'}]",c570ff86-4992-4fa1-939a-3ce433f80dcb,ae36a323-d4e5-47d2-bb04-25e7ef3406c3,3a8b69de-ba61-4b59-ba7a-2c8e2549cbc8,public summary
SE Sulawesi Monitoring Biofisik 2021,Indonesia,WABUL7,-5.58892,122.88592,exposed,fringing,fore reef,2021,3,27,high,5-10m - fair,low,5,Managed Access,Pengelolaan Akses Area Perikanan (PAAP),2021,335453,government,full,"gear restriction,size limits,access restriction",3,232.7,"{'omnivore': 24.68, 'piscivore': 1.95, 'planktivore': 103.09, 'invertivore-mobile': 8.01, 'herbivore-macroalgae': 4.82, 'herbivore-detritivore': 90.15}","{'Labridae': 1.28, 'Scaridae': 60.99, 'Balistidae': 54.27, 'Serranidae': 1.95, 'Lethrinidae': 5.15, 'Acanthuridae': 58.67, 'Caesioinidae': 48.82, 'Nemipteridae': 1.58}",,,,,0.04128,0.31064,0.76178,0.15806,-0.09563,-0.11258,1.119282049,0,0,12347.1054,0,86,0.396415661,9a52598d-33c6-4bd2-b45e-237c8af6c460,54713255-40f7-4eb7-8924-c4f9aa459ef5,76fc53e6-8286-41e2-807a-96ab042fbf6a,,https://datamermaid.org/contact-project?project_id=76fc53e6-8286-41e2-807a-96ab042fbf6a,"[{'id': '6256aece-99b6-4d84-a2f7-c42e145b6ad4', 'name': 'Rare'}]",c570ff86-4992-4fa1-939a-3ce433f80dcb,8abc59e2-2758-45d5-a8b6-8d30cfd08deb,9a52598d-33c6-4bd2-b45e-237c8af6c460,public summary
SE Sulawesi Monitoring Biofisik 2021,Indonesia,WABUL8,-5.59789,122.87903,exposed,fringing,fore reef,2021,3,27,high,5-10m - fair,low,6,Reserve,Kawasan Larang Ambil (KLA),2021,18948,government,full,no take,3,315.78,"{'omnivore': 27.0, 'piscivore': 18.63, 'planktivore': 83.74, 'invertivore-mobile': 49.82, 'herbivore-macroalgae': 20.31, 'herbivore-detritivore': 116.28}","{'Scaridae': 60.24, 'Siganidae': 37.84, 'Balistidae': 95.07, 'Lutjanidae': 27.14, 'Serranidae': 10.82, 'Lethrinidae': 19.15, 'Acanthuridae': 65.51}",,,,,0.04128,0.31064,0.76178,0.15806,-0.09563,-0.11258,1.119282049,0,0,12347.1054,0,86,0.396415661,5a84ea4a-615b-45e9-a51f-9551aa6af382,9d4aa1e7-2d8a-4dfe-ab63-c1341c87be2d,76fc53e6-8286-41e2-807a-96ab042fbf6a,,https://datamermaid.org/contact-project?project_id=76fc53e6-8286-41e2-807a-96ab042fbf6a,"[{'id': '6256aece-99b6-4d84-a2f7-c42e145b6ad4', 'name': 'Rare'}]",c570ff86-4992-4fa1-939a-3ce433f80dcb,ae36a323-d4e5-47d2-bb04-25e7ef3406c3,5a84ea4a-615b-45e9-a51f-9551aa6af382,public summary
SE Sulawesi Monitoring Biofisik 2021,Indonesia,WABUL9,-5.65542,122.82203,exposed,fringing,fore reef,2021,3,27,low,>10m - excellent,low,5,Reserve,Kawasan Larang Ambil (KLA),2021,18948,government,full,no take,3,175.75,"{'omnivore': 24.59, 'piscivore': 14.85, 'planktivore': 41.33, 'invertivore-mobile': 31.2, 'herbivore-detritivore': 63.77}","{'Scaridae': 21.76, 'Siganidae': 11.95, 'Balistidae': 38.77, 'Lutjanidae': 33.54, 'Serranidae': 12.51, 'Acanthuridae': 57.23}",,,,,,,,,,,,,,,,,,63b7610a-4b1f-4c08-b57f-7c66e5af7b49,f9b8af19-8182-4398-afed-ec89927b57d5,76fc53e6-8286-41e2-807a-96ab042fbf6a,,https://datamermaid.org/contact-project?project_id=76fc53e6-8286-41e2-807a-96ab042fbf6a,"[{'id': '6256aece-99b6-4d84-a2f7-c42e145b6ad4', 'name': 'Rare'}]",c570ff86-4992-4fa1-939a-3ce433f80dcb,ae36a323-d4e5-47d2-bb04-25e7ef3406c3,63b7610a-4b1f-4c08-b57f-7c66e5af7b49,public summary
SE Sulawesi Monitoring Biofisik 2021,Indonesia,WAWON1,-4.01485,123.07786,exposed,fringing,fore reef,2021,3,30,,,,6,Managed Access,Pengelolaan Akses Area Perikanan (PAAP),2021,335453,government,full,"gear restriction,size limits,access restriction",3,130.09,"{'omnivore': 10.99, 'piscivore': 18.33, 'planktivore': 40.28, 'invertivore-mobile': 23.83, 'herbivore-macroalgae': 2.02, 'herbivore-detritivore': 34.63}","{'Mullidae': 2.39, 'Scaridae': 28.58, 'Siganidae': 2.02, 'Balistidae': 41.48, 'Ephippidae': 4.5, 'Lutjanidae': 24.77, 'Serranidae': 4.58, 'Acanthuridae': 17.04, 'Nemipteridae': 4.73}",,,Coral/Algae,Sheltered Reef Slope,0.04277,0.90763,0.76178,0.19285,-0.33541,-0.30943,4.943459685,0,0,6859.365524,0,0,0.279289324,7b869d89-7f8f-4209-825b-b50a962e0ec4,9e28cef4-07f4-4a22-8d46-a7067e812ac7,76fc53e6-8286-41e2-807a-96ab042fbf6a,,https://datamermaid.org/contact-project?project_id=76fc53e6-8286-41e2-807a-96ab042fbf6a,"[{'id': '6256aece-99b6-4d84-a2f7-c42e145b6ad4', 'name': 'Rare'}]",c570ff86-4992-4fa1-939a-3ce433f80dcb,8abc59e2-2758-45d5-a8b6-8d30cfd08deb,7b869d89-7f8f-4209-825b-b50a962e0ec4,public summary
SE Sulawesi Monitoring Biofisik 2021,Indonesia,WAWON2,-4.008,123.13557,exposed,fringing,fore reef,2021,3,31,rising,5-10m - fair,moderate,6,Managed Access,Pengelolaan Akses Area Perikanan (PAAP),2021,335453,government,full,"gear restriction,size limits,access restriction",3,251.76,"{'omnivore': 26.14, 'piscivore': 2.15, 'planktivore': 183.4, 'invertivore-mobile': 11.54, 'herbivore-macroalgae': 8.76, 'herbivore-detritivore': 19.77}","{'Labridae': 1.97, 'Mullidae': 8.48, 'Scaridae': 2.68, 'Siganidae': 1.17, 'Balistidae': 0.45, 'Acanthuridae': 45.88, 'Caesioinidae': 183.4, 'Nemipteridae': 0.63, 'Holocentridae': 2.15, 'Monacanthidae': 4.93}",,,Coral/Algae,Sheltered Reef Slope,0.03059,0.72242,0.76178,0.19085,-0.39368,-0.35764,4.448785141,0,0,8185.874222,0,0,0.280074347,a87560b8-eca7-4f03-a80b-565a409a16ba,b9447a96-2a10-4726-87cf-1a0bd61687d0,76fc53e6-8286-41e2-807a-96ab042fbf6a,,https://datamermaid.org/contact-project?project_id=76fc53e6-8286-41e2-807a-96ab042fbf6a,"[{'id': '6256aece-99b6-4d84-a2f7-c42e145b6ad4', 'name': 'Rare'}]",c570ff86-4992-4fa1-939a-3ce433f80dcb,8abc59e2-2758-45d5-a8b6-8d30cfd08deb,a87560b8-eca7-4f03-a80b-565a409a16ba,public summary
SE Sulawesi Monitoring Biofisik 2021,Indonesia,WAWON4,-4.00761,123.17924,exposed,fringing,fore reef,2021,3,31,,,,6,Managed Access,Pengelolaan Akses Area Perikanan (PAAP),2021,335453,government,full,"gear restriction,size limits,access restriction",3,100.89,"{'omnivore': 12.65, 'piscivore': 15.6, 'planktivore': 10.81, 'invertivore-mobile': 36.68, 'herbivore-macroalgae': 4.86, 'herbivore-detritivore': 20.3}","{'Mullidae': 3.8, 'Scaridae': 13.06, 'Siganidae': 6.56, 'Balistidae': 3.23, 'Carangidae': 6.19, 'Lutjanidae': 32.6, 'Serranidae': 6.45, 'Acanthuridae': 18.19, 'Caesioinidae': 10.81}",,,Coral/Algae,Reef Slope,0.025,0.72242,0.76178,0.18885,-0.44965,-0.41616,6.391726412,0,0,5465.814789,0,0,0.279783731,ef2397f2-6118-49e8-8fbb-318571a33a09,37031328-5445-4380-ac5b-805d085d1eec,76fc53e6-8286-41e2-807a-96ab042fbf6a,,https://datamermaid.org/contact-project?project_id=76fc53e6-8286-41e2-807a-96ab042fbf6a,"[{'id': '6256aece-99b6-4d84-a2f7-c42e145b6ad4', 'name': 'Rare'}]",c570ff86-4992-4fa1-939a-3ce433f80dcb,8abc59e2-2758-45d5-a8b6-8d30cfd08deb,ef2397f2-6118-49e8-8fbb-318571a33a09,public summary
SE Sulawesi Monitoring Biofisik 2021,Indonesia,WAWON6,-4.02478,123.22365,exposed,fringing,fore reef,2021,3,31,,,,8,Reserve,Kawasan Larang Ambil (KLA),2021,18948,government,full,no take,3,78.32,"{'omnivore': 16.39, 'piscivore': 4.25, 'invertivore-mobile': 12.76, 'herbivore-detritivore': 44.92}","{'Labridae': 4.36, 'Mullidae': 5.26, 'Scaridae': 21.61, 'Siganidae': 9.05, 'Lutjanidae': 3.51, 'Serranidae': 0.74, 'Acanthuridae': 30.65, 'Nemipteridae': 3.14}",,,,,0.03047,0.72242,0.76178,0.18685,-0.3765,-0.43532,4.468550489,73.56533051,0.125656113,3479.966469,0,0,0.508646675,98900646-d7af-4f9d-8604-111a4a7aa2f1,acb4141d-503b-4169-a10d-462862e6d024,76fc53e6-8286-41e2-807a-96ab042fbf6a,,https://datamermaid.org/contact-project?project_id=76fc53e6-8286-41e2-807a-96ab042fbf6a,"[{'id': '6256aece-99b6-4d84-a2f7-c42e145b6ad4', 'name': 'Rare'}]",c570ff86-4992-4fa1-939a-3ce433f80dcb,ae36a323-d4e5-47d2-bb04-25e7ef3406c3,98900646-d7af-4f9d-8604-111a4a7aa2f1,public summary
SE Sulawesi Monitoring Biofisik 2021,Indonesia,WAWON7,-3.99474,122.9681,exposed,fringing,fore reef,2021,3,30,rising,5-10m - fair,moderate,6,Managed Access,Pengelolaan Akses Area Perikanan (PAAP),2021,335453,government,full,"gear restriction,size limits,access restriction",3,20.67,"{'omnivore': 10.72, 'planktivore': 0.21, 'invertivore-mobile': 2.32, 'invertivore-sessile': 0.5, 'herbivore-macroalgae': 0.62, 'herbivore-detritivore': 6.3}","{'Labridae': 1.13, 'Mullidae': 0.79, 'Scaridae': 4.04, 'Siganidae': 0.5, 'Balistidae': 0.4, 'Lutjanidae': 0.21, 'Acanthuridae': 13.6}",,,,,0.04741,0.90763,0.76178,0.19738,-0.27473,-0.35184,11.6150942,26.16610909,0.068444781,1927.796205,0,0,0.49681158,0fb0ad4f-a9db-469e-948d-4d87bd03c97b,6bef7804-17d0-4635-8486-91cefb473f59,76fc53e6-8286-41e2-807a-96ab042fbf6a,,https://datamermaid.org/contact-project?project_id=76fc53e6-8286-41e2-807a-96ab042fbf6a,"[{'id': '6256aece-99b6-4d84-a2f7-c42e145b6ad4', 'name': 'Rare'}]",c570ff86-4992-4fa1-939a-3ce433f80dcb,8abc59e2-2758-45d5-a8b6-8d30cfd08deb,0fb0ad4f-a9db-469e-948d-4d87bd03c97b,public summary
SE Sulawesi Monitoring Biofisik 2021,Indonesia,WAWON8,-3.98542,123.03827,exposed,fringing,fore reef,2021,3,30,,,,8,Managed Access,Pengelolaan Akses Area Perikanan (PAAP),2021,335453,government,full,"gear restriction,size limits,access restriction",3,543.39,"{'omnivore': 41.83, 'piscivore': 11.55, 'planktivore': 346.12, 'invertivore-mobile': 31.23, 'invertivore-sessile': 3.5, 'herbivore-macroalgae': 16.48, 'herbivore-detritivore': 92.68}","{'Labridae': 6.28, 'Scaridae': 56.15, 'Siganidae': 12.99, 'Balistidae': 356.28, 'Kyphosidae': 5.8, 'Lutjanidae': 13.74, 'Serranidae': 10.56, 'Acanthuridae': 73.71, 'Nemipteridae': 7.88}",,,Coral/Algae,Sheltered Reef Slope,0.04468,0.90763,0.76178,0.19535,-0.31008,-0.33183,9.948514489,40.6174469,0.057636458,2978.402544,0,0,0.506713813,5dee0ee1-328c-4a3b-8bce-fc9cc4135a04,514b6146-415b-48f7-934f-5b28095d22cb,76fc53e6-8286-41e2-807a-96ab042fbf6a,,https://datamermaid.org/contact-project?project_id=76fc53e6-8286-41e2-807a-96ab042fbf6a,"[{'id': '6256aece-99b6-4d84-a2f7-c42e145b6ad4', 'name': 'Rare'}]",c570ff86-4992-4fa1-939a-3ce433f80dcb,8abc59e2-2758-45d5-a8b6-8d30cfd08deb,5dee0ee1-328c-4a3b-8bce-fc9cc4135a04,public summary