site_name,latitude,longitude,year,sample_date_month,sample_date_day,biomass_kgha_by_fish_family_avg_Labridae,biomass_kgha_by_fish_family_avg_Mullidae,biomass_kgha_by_fish_family_avg_Scaridae,biomass_kgha_by_fish_family_avg_Siganidae,biomass_kgha_by_fish_family_avg_Apogonidae,biomass_kgha_by_fish_family_avg_Balistidae,biomass_kgha_by_fish_family_avg_Blenniidae,biomass_kgha_by_fish_family_avg_Lutjanidae,biomass_kgha_by_fish_family_avg_Serranidae,biomass_kgha_by_fish_family_avg_Cirrhitidae,biomass_kgha_by_fish_family_avg_Lethrinidae,biomass_kgha_by_fish_family_avg_Acanthuridae,biomass_kgha_by_fish_family_avg_Caesioinidae,biomass_kgha_by_fish_family_avg_Nemipteridae,biomass_kgha_by_fish_family_avg_Monacanthidae,biomass_kgha_by_fish_family_avg_Pomacanthidae,biomass_kgha_by_fish_family_avg_Pomacentridae,biomass_kgha_by_fish_family_avg_Chaetodontidae,biomass_kgha_by_fish_family_avg_Tetraodontidae,biomass_kgha_by_fish_family_avg_Zanclidae,biomass_kgha_by_fish_family_avg_Ostraciidae,biomass_kgha_by_fish_family_avg_Aulostomidae,biomass_kgha_by_fish_family_avg_Microdesmidae,biomass_kgha_by_fish_family_avg_Pseudochromidae,biomass_kgha_by_fish_family_avg_Carangidae,biomass_kgha_by_fish_family_avg_Holocentridae,biomass_kgha_by_fish_family_avg_Pholidichthyidae,biomass_kgha_by_fish_family_avg_Synodontidae,biomass_kgha_by_fish_family_avg_Pinguipedidae,biomass_kgha_by_fish_family_avg_Haemulidae,biomass_kgha_by_fish_family_avg_Kyphosidae,biomass_kgha_by_fish_family_avg_Scombridae,biomass_kgha_by_fish_family_avg_Sphyraenidae,biomass_kgha_by_fish_family_avg_Scorpaenidae,biomass_kgha_by_fish_family_avg_Dasyatidae,biomass_kgha_by_fish_family_avg_Diodontidae,biomass_kgha_by_fish_family_avg_Fistulariidae,biomass_kgha_by_fish_family_avg_Gobiidae,biomass_kgha_by_fish_family_avg_Belonidae,biomass_kgha_by_fish_family_avg_Muraenidae,biomass_kgha_by_fish_family_avg_Ephippidae,biomass_kgha_by_fish_family_avg_Syngnathidae,biomass_kgha_by_fish_family_avg_Plotosidae,biomass_kgha_by_fish_family_avg_Priacanthidae,biomass_kgha_by_fish_family_avg_Centriscidae,biomass_kgha_by_fish_family_avg_Pempheridae,biomass_kgha_by_fish_family_avg_Malacanthidae,biomass_kgha_by_fish_family_avg_Echeneidae,biomass_kgha_by_fish_family_avg_Carcharhinidae
Ampalas Barat,-6.92243,121.28002,2015,4,22,27.39,14.06,27.1,3.74,0.58,4.7,0.05,1.68,9.89,0.35,7.64,43.76,30.63,4.03,0.45,1.36,50.86,6.83,0.54,NA,NA,NA,NA,NA,NA,NA,NA,NA,NA,NA,NA,NA,NA,NA,NA,NA,NA,NA,NA,NA,NA,NA,NA,NA,NA,NA,NA,NA,NA
Ampalas Timur,-6.922428003,121.280016,2015,4,22,44.36,31.19,79.77,19.49,1.22,5.72,NA,0.45,9.33,0.98,18.3,84.93,194.75,35.13,4.31,8.28,64.66,20.83,0.27,1.8,3.05,8.35,0.31,0,NA,NA,NA,NA,NA,NA,NA,NA,NA,NA,NA,NA,NA,NA,NA,NA,NA,NA,NA,NA,NA,NA,NA,NA,NA
Belang-Belang,-6.39778,121.09569,2015,4,12,29.55,12.79,47.49,1.39,0.66,61.84,NA,2.43,8.4,0.77,0.91,59,56.16,1.19,NA,1.64,33.18,22.45,0.62,NA,0.62,12.8,0.26,0.3,8.35,2.65,0.04,NA,NA,NA,NA,NA,NA,NA,NA,NA,NA,NA,NA,NA,NA,NA,NA,NA,NA,NA,NA,NA,NA
Bungin Kamase,-6.938359989,121.000066,2015,4,20,54.35,12.41,100.77,20.99,NA,101.92,0.13,5.99,4.66,0.52,12.26,55.88,38.13,7.66,0.46,3.09,76.85,3.13,0.26,2.93,NA,NA,0.47,NA,92.15,0.83,NA,0.51,0.42,NA,NA,NA,NA,NA,NA,NA,NA,NA,NA,NA,NA,NA,NA,NA,NA,NA,NA,NA,NA
Bungin Laloh,-6.81948,121.28083,2015,4,23,26.55,1.08,27.76,5.45,0.49,39.63,0.07,3.61,9.01,NA,1.23,49.66,63.86,0.48,NA,5.69,95.18,12.84,0.54,NA,0.09,3.57,0.09,0.44,NA,38.73,NA,NA,NA,1.79,1.48,47.12,139.55,NA,NA,NA,NA,NA,NA,NA,NA,NA,NA,NA,NA,NA,NA,NA,NA
Jinato Barat,-6.77289,120.96176,2015,4,17,21.06,1.79,35.14,4.24,0.82,18.62,0.14,NA,6.31,NA,0.91,59.42,1.93,0.6,2.05,1.49,70.03,9.44,0.24,2.01,4.2,6.58,0.27,0.53,NA,12.16,NA,NA,NA,4.57,NA,NA,NA,NA,NA,NA,NA,NA,NA,NA,NA,NA,NA,NA,NA,NA,NA,NA,NA
Lantigiang Barat Daya,-6.70882,120.95501,2015,4,16,18.5,33.29,17.08,2.03,NA,133.53,0.12,3.83,4.94,NA,NA,62.61,0.18,3.47,4.71,20.86,56.69,15.42,1.84,2.24,1.07,NA,0.06,NA,NA,7.4,NA,NA,0.29,NA,NA,NA,NA,NA,NA,NA,NA,NA,NA,NA,NA,NA,NA,NA,NA,NA,NA,NA,NA
Lantigiang Utara,-6.69546,120.96014,2015,4,16,15.76,6.18,54.59,7.67,0.17,4,0.13,0.44,7.85,0.46,2.99,80.13,NA,10.75,0.46,1.01,61.6,5.97,0.51,2.76,NA,2.48,0.05,NA,3.55,6.02,NA,NA,0.42,NA,NA,NA,NA,NA,NA,NA,NA,NA,NA,NA,NA,NA,NA,NA,NA,NA,NA,NA,NA
Latondu Kecil 1,-6.54816,120.92637,2015,4,9,43.6,11.88,42.38,7.46,NA,33.6,0.04,32.99,23.57,3.06,2.81,103.8,47.31,1.98,0.93,2.82,96.8,23.5,0.8,2.78,NA,NA,0.27,0,NA,2.54,NA,NA,NA,NA,NA,NA,NA,1.21,NA,NA,NA,NA,NA,NA,NA,NA,NA,NA,NA,NA,NA,NA,NA
Latondu Kecil 2,-6.523467014,120.930956,2015,4,9,20.55,13.31,122.41,4.53,2.56,254.36,NA,6.5,21.9,2.65,180.78,88.6,5.59,2.87,1.6,9.22,59.41,20.95,18.48,1.11,4.01,9.23,0.58,0.08,21.53,21.16,NA,0.75,0.97,19.47,16.91,NA,NA,NA,7.58,5.49,7.88,NA,NA,NA,NA,NA,NA,NA,NA,NA,NA,NA,NA
Latondu Kecil 3,-6.49715,120.94196,2015,4,9,11.26,5.55,89.42,NA,0.71,72.18,NA,6.13,3.45,1.21,37.91,61.89,5.59,0.32,0.6,0.47,29.32,4.09,NA,1.11,4.01,2.49,0.25,NA,14.41,22.77,NA,NA,0.97,13.2,NA,NA,NA,NA,2.38,NA,NA,NA,NA,NA,NA,NA,NA,NA,NA,NA,NA,NA,NA
Latondu Timur,-6.499,121.0013,2015,4,8,26.91,5.23,43.5,5.55,NA,0.68,NA,3.36,3.1,2.02,2.26,39.01,NA,3.12,0.59,0.63,41.57,11.54,0.98,1.68,NA,4.15,NA,0.26,NA,NA,NA,NA,NA,8.61,NA,NA,NA,NA,0.32,NA,0.62,NA,NA,NA,NA,NA,NA,NA,NA,NA,NA,NA,NA
Latondu Utara,-6.490058005,120.99794,2015,4,8,17.34,5.83,34.52,4.82,NA,254.81,0.13,8.86,16.02,1.69,NA,48.24,NA,0.97,0.68,1.75,42.91,22.13,NA,9.29,NA,5.66,0.24,0.01,NA,4.71,NA,NA,NA,NA,NA,NA,NA,1.31,NA,NA,NA,NA,NA,NA,NA,NA,NA,NA,NA,NA,NA,NA,NA
Pasitalu Barat,-7.05258,121.06151,2015,4,20,39.76,7.87,64.33,5.45,NA,53.91,0.12,10.71,12.89,0.32,NA,93.82,29.16,3.36,2.24,3.09,105.15,11.62,1.3,1.8,0.15,8.13,NA,0.14,NA,3.81,NA,NA,NA,NA,NA,NA,NA,NA,NA,NA,NA,0.42,NA,NA,NA,NA,NA,NA,NA,NA,NA,NA,NA
Pasitalu Tengah,-7.064357009,121.090362,2015,4,21,51.64,101.86,20.91,7.15,NA,36.99,NA,5.74,37.98,0.4,16.78,87.68,NA,8.53,0.12,8.59,43.57,8.82,0.48,1.8,2.01,NA,0.07,1.1,NA,1.13,NA,NA,0.71,8.56,NA,NA,NA,NA,NA,NA,NA,0.59,NA,NA,NA,NA,NA,NA,NA,NA,NA,NA,NA
Pasitalu Timur,-7.07844,121.11573,2015,4,21,42.41,6.63,24.62,2.16,NA,45.54,0.09,8.62,5.92,NA,12.62,64.17,NA,11.71,1.05,6.13,23.93,10.4,0.39,0.9,0.8,NA,0.24,NA,NA,NA,NA,NA,0.71,1.58,NA,NA,NA,NA,3.57,NA,NA,NA,3.08,NA,NA,NA,NA,NA,NA,NA,NA,NA,NA
Rajuni Besar,-6.57093,121.01618,2015,4,14,35.8,4.47,7.53,NA,0.67,25.95,NA,15.8,4.78,NA,NA,43.61,0.81,6.44,0.49,1.5,110.99,13.68,2.08,0.9,NA,3.63,NA,0.34,NA,1.79,NA,NA,0.29,14.45,0.98,NA,NA,NA,NA,NA,4.91,NA,NA,13.49,NA,NA,NA,NA,NA,NA,NA,NA,NA
Rajuni Kecil,-6.54722,120.9909,2015,4,14,20.63,3.64,6.23,NA,0.48,5.06,NA,NA,12.51,0.38,0.91,33.56,NA,3.61,0.46,3.73,44,11.79,1.07,NA,0.26,NA,NA,1.63,NA,NA,NA,NA,NA,9.19,NA,NA,NA,0.13,NA,3.23,NA,NA,NA,NA,1.2,0.02,NA,NA,NA,NA,NA,NA,NA
Taka Balalong Timur,-6.848064009,121.157204,2015,4,25,29.08,18.69,57.47,1,3.37,0.72,0.21,7.36,7.05,NA,3.76,64.59,46.09,6.85,NA,3.01,112.63,10.15,0.68,NA,NA,NA,0.24,2.26,12.16,NA,NA,0.66,0.58,NA,NA,NA,NA,NA,NA,NA,NA,NA,15.89,NA,NA,NA,NA,NA,NA,NA,NA,NA,NA
Taka Balaloong Utara,-6.81288,121.12989,2015,4,26,49.91,14.52,174.47,2.07,0.08,2.67,0.04,16.18,0.87,NA,NA,91.2,50.78,10.34,0.94,5.37,211.74,25.67,0.56,NA,NA,NA,NA,1.27,NA,1.52,NA,0.09,NA,7.2,NA,NA,NA,NA,NA,1.07,NA,NA,NA,NA,2.25,NA,NA,NA,NA,NA,NA,NA,NA
Taka Balanda,-6.92343,121.30575,2015,4,22,33.81,9.67,35.62,NA,NA,5.66,NA,0.65,9.22,0.99,2.56,63.16,16.63,6.32,0.7,2.31,46.85,19.35,0.52,5.9,NA,4.6,0.05,1.1,NA,NA,NA,0.19,NA,3.71,NA,NA,NA,NA,5.09,NA,NA,0.01,NA,NA,NA,NA,NA,NA,NA,NA,NA,NA,NA
Taka Bayang Pogo,-6.924783988,121.068763,2015,4,19,40.97,6.45,51.8,9.98,0.58,46.36,NA,9.17,15.25,NA,1.19,37.9,NA,7.84,3.73,5.69,83.4,14.71,0.5,0.71,NA,5.31,0.16,0.12,NA,6.6,NA,0.52,NA,7.9,NA,NA,NA,NA,NA,NA,NA,NA,NA,NA,NA,NA,NA,NA,NA,NA,NA,NA,NA
Taka Gantarang 1,-6.44483,121.2271,2015,4,13,16.07,5.27,43.56,2.79,0.68,1.47,0.04,0.49,5.92,1.44,NA,153.52,52.74,3.18,0.89,2.26,12.14,9.96,1.59,1.27,0.57,NA,NA,0.02,3.32,17.66,NA,0.31,NA,NA,NA,10.3,NA,NA,2.18,10.83,NA,NA,NA,NA,NA,NA,NA,NA,NA,NA,NA,NA,NA
Taka Gantarang 2,-6.453174027,121.285359,2015,4,13,22.54,5.67,29.87,NA,0.31,291.43,NA,14.04,34.46,0.58,1.42,149.35,NA,1.1,1.78,2.09,112.22,13,NA,3.51,NA,2.75,0.34,0.01,21.43,4.76,NA,NA,0.29,NA,NA,207.44,NA,11.52,NA,NA,2.63,NA,NA,10.67,NA,NA,NA,NA,NA,NA,NA,NA,NA
Taka Kayu Bulan Barat,-6.770354966,121.041817,2015,4,18,19.41,4.19,21.66,0.56,2.97,0.8,0.04,10.66,3.98,NA,14.57,37.83,NA,18.45,1.2,2.16,88.46,8.36,1.41,2.23,NA,NA,0.04,0.35,NA,6.84,NA,NA,0.42,2.5,NA,NA,NA,NA,NA,5.97,NA,0.17,NA,NA,NA,NA,NA,NA,NA,NA,NA,NA,NA
Taka Kayu Bulan Selatan,-6.774830986,121.063497,2015,4,18,28.37,2.75,62.08,3.13,NA,NA,NA,3.83,0.53,NA,1.96,41.62,38.3,10.74,NA,2.83,107.52,6.32,0.31,1.61,0.26,NA,0.04,0.08,NA,NA,NA,NA,NA,3.71,NA,NA,NA,0.12,7.47,NA,NA,NA,NA,NA,1.54,NA,NA,NA,NA,NA,NA,NA,NA
Taka Kayu Bulan Utara,-6.75829,121.05997,2015,4,18,34.73,5.63,41.83,4.96,1.92,NA,0.13,16.53,8.78,NA,26.79,99.37,20.91,26.87,1.43,4.37,109.51,6.18,NA,7.89,4.01,NA,0.34,0.19,5.31,4.77,NA,0.24,NA,53.4,13.25,NA,NA,NA,2.36,12.35,NA,1.03,NA,NA,2.25,NA,NA,NA,NA,NA,NA,NA,NA
Taka Kumai Barat,-6.87341,121.1457,2015,4,25,32.42,8.45,50.65,2.82,0.16,1.93,0.19,6.34,3.8,NA,35.85,46.65,12.55,28.92,3.28,3.59,107.17,17.09,9.08,NA,NA,NA,NA,1.77,NA,0.38,NA,0.69,1.17,3.18,NA,NA,NA,NA,NA,NA,NA,NA,NA,NA,3.15,NA,0.03,NA,NA,NA,NA,NA,NA
Taka Kumai Selatan,-6.873409962,121.145699,2015,4,26,30.12,6.69,64.51,2.83,8.24,0.85,0.04,1.75,2.48,NA,22.04,51.06,7.15,7.56,3.96,4.58,111.66,7.37,21.8,5.08,0.18,NA,0.24,1.1,NA,0.47,NA,NA,0.58,2.63,NA,NA,NA,NA,NA,NA,NA,NA,NA,NA,NA,NA,NA,NA,NA,NA,NA,NA,NA
Taka Kumai Utara,-6.89657704,121.150273,2015,4,25,38.92,5.59,43.5,3.88,4.32,3.32,0.04,19.14,9.42,NA,2.47,24.91,125.39,12.84,0.46,6.09,54.72,16.06,3.34,NA,NA,NA,NA,1.57,NA,0.63,NA,NA,0.58,NA,NA,NA,NA,NA,NA,NA,NA,NA,NA,NA,NA,0.07,NA,NA,NA,NA,NA,NA,NA
Taka Lamongan,-6.542506004,121.234578,2015,4,11,40.66,3.05,37.83,2.79,0.17,26.4,0.11,7.09,14.58,0.26,0.78,46.61,67.43,1.97,2.19,0.98,64.47,8.48,0.48,0.56,0.29,8.9,0.3,1.19,20.3,7.48,NA,NA,NA,9.09,NA,NA,NA,0.8,10.56,NA,NA,NA,NA,NA,NA,NA,7.56,NA,NA,NA,NA,NA,NA
Taka Lasalimu,-6.5849,121.18877,2015,4,7,9.89,10.49,92.1,NA,0.6,182.01,NA,25.32,33.8,0.21,2.33,62.51,NA,2.3,0.56,2.45,32.45,15.48,0.29,7.25,NA,NA,NA,0.03,NA,4.48,NA,0.24,NA,NA,NA,NA,NA,1.45,NA,NA,NA,NA,NA,8.56,NA,NA,NA,NA,NA,NA,NA,NA,NA
Taka Malori Selatan,-6.89226,121.0464,2015,4,19,80.22,1.3,68.55,7.83,NA,55.12,NA,8.21,20.78,NA,9.09,110.58,11.31,42.56,1.75,3.27,160.11,45.46,4.52,9.19,0.22,NA,NA,NA,NA,11.91,NA,NA,NA,5.27,NA,NA,NA,NA,NA,NA,NA,NA,NA,NA,NA,NA,NA,NA,NA,NA,NA,NA,NA
Taka Malori Utara,-6.891774042,121.044765,2015,4,19,44.3,NA,15.63,4.08,3.63,NA,NA,6.41,6.8,NA,26.23,26.53,NA,NA,0.31,1.14,85.27,25.59,0.91,2.75,0.51,NA,NA,NA,NA,3.18,NA,NA,NA,NA,NA,NA,NA,NA,NA,NA,NA,NA,NA,NA,NA,NA,NA,NA,NA,NA,NA,NA,NA
Taka Rajuni,-6.6057,121.03266,2015,4,14,43.85,1.03,127.14,0.76,0.09,1.34,NA,7.46,3.22,NA,NA,70.65,6.8,NA,NA,0.88,60.41,16.07,0.57,NA,0.26,10.25,0.06,0.14,NA,1.72,NA,0.28,NA,10.9,NA,NA,NA,NA,12.08,NA,80.05,NA,NA,NA,NA,NA,NA,3.42,NA,NA,NA,NA,NA
Taka Sirobe,-6.64884,121.20457,2015,4,7,33.26,3.18,24.32,3.29,3.26,258.65,0.03,21.58,32.18,NA,3.82,137.03,2.26,2.52,NA,5.66,139.16,13.62,0.4,2.22,NA,13.48,0.47,0.8,40.57,68.11,NA,NA,0.29,NA,NA,NA,NA,2.62,NA,NA,NA,NA,NA,NA,14.01,NA,NA,NA,NA,NA,NA,NA,NA
Taka Taburi,-6.843416998,121.286401,2015,4,23,22.79,1.02,64.35,1.51,NA,5.37,0.08,2.29,21.05,1.08,2.33,100.23,NA,1.41,0.46,4.08,69.07,7,0.15,NA,NA,NA,0.04,0.92,NA,5.02,NA,0.35,NA,NA,NA,NA,NA,NA,3.57,NA,NA,NA,NA,NA,NA,NA,NA,NA,NA,NA,NA,NA,NA
Taka Takere,-6.68496,121.20734,2015,4,7,26.94,5,34.32,0.86,0.63,57.28,0.05,26.33,10.01,1.4,6.91,61.34,64.95,5.45,0.32,6.04,29.7,9.68,1.12,0.71,NA,4.97,0.21,0.18,NA,2.15,NA,1.16,0.29,NA,NA,NA,NA,0.91,0.86,NA,NA,NA,NA,9.05,0.15,NA,NA,NA,NA,NA,NA,NA,NA
Tambuna Besar,-7.01067,121.20885,2015,4,21,67.96,39.38,170.87,14.9,NA,128.2,0.03,90.51,15.07,2.07,37.31,102.91,NA,2.46,0.85,8.71,56.62,19.68,0.2,0.9,0.39,4.07,0.12,NA,NA,4.22,NA,NA,0.58,NA,NA,NA,NA,NA,NA,NA,NA,NA,NA,0.85,2.25,NA,NA,NA,NA,NA,NA,NA,NA
Tarupa Besar,-6.50876,121.1272,2015,4,12,27.98,4.02,20.42,4.79,NA,0.54,NA,7.16,14.78,2.28,NA,107.3,NA,3.09,2,3.05,224.38,9.26,3.73,0.9,1.19,9.04,0.06,1.47,NA,20.09,NA,0.3,0.61,1.79,NA,NA,NA,NA,NA,1.81,1.18,NA,NA,7.24,NA,NA,NA,NA,NA,NA,NA,NA,NA
Tarupa Kecil,-6.451674001,121.138145,2015,4,12,16.36,24.07,32.57,NA,0.86,22.95,NA,3.87,2.68,1.3,766.18,47.68,368.25,0.32,2.74,0.84,49.36,8.39,0.32,NA,0.26,13.55,NA,0.2,NA,13.82,NA,0.21,NA,0.68,NA,NA,NA,1.06,NA,NA,NA,NA,NA,NA,NA,NA,NA,NA,NA,NA,NA,NA,NA
Tinabo Besar,-6.56134,121.10214,2015,4,6,28.68,21.34,77.35,7.3,3.13,42.36,0.07,4.14,15.43,1.45,94.64,105.68,2.76,7.74,0.46,6.41,177.67,28.88,NA,NA,NA,12.45,0.14,0.43,NA,36.81,NA,NA,0.15,98.29,NA,9.93,NA,4.14,NA,NA,NA,NA,NA,NA,NA,NA,NA,NA,NA,NA,NA,NA,NA
Tinabo Kecil 1,-6.573907966,121.075189,2015,4,6,37.77,3.87,57.48,2.34,0.11,12.69,0.77,11.7,8.81,0.1,10.97,26.64,3.69,22.22,0.56,7.8,109.35,16.31,2.44,3.53,0.26,3.18,NA,0.94,NA,6.3,NA,0.86,0.57,20.04,NA,NA,NA,NA,NA,NA,9.23,NA,NA,5.03,NA,NA,NA,NA,NA,NA,NA,NA,NA
Tinabo Kecil 2,-6.564304987,121.081806,2015,4,6,56.71,26.75,118.8,18.94,0.78,9.16,NA,12.42,11.6,0.26,15.97,62.44,7.36,6.72,2.51,5.4,76.16,10.53,0.29,5.78,NA,8.8,NA,0.51,NA,1.89,NA,NA,NA,25.26,NA,NA,NA,NA,2.82,5.46,41.78,NA,NA,NA,NA,NA,NA,NA,NA,NA,NA,NA,NA
Tinanja Timur,-6.55469,121.17685,2015,4,11,19.53,4,16.06,2.79,1.02,183.42,NA,8.39,9.52,0.32,4.94,39.93,126.5,1.41,NA,1.33,122.37,9,0.22,3.8,0.26,7.28,0.09,0.01,NA,9.5,NA,NA,NA,2.01,NA,NA,NA,NA,2.82,NA,24.7,NA,NA,NA,2.82,NA,NA,NA,NA,NA,NA,NA,NA
Tinanja Utara,-6.541016959,121.169863,2015,4,11,76.38,12.86,54.43,23.16,1.2,219.1,0.08,4.83,22.41,0.32,3.22,58.01,175.28,3.65,0.76,2.99,59.34,10.37,13.81,0.56,0.42,3.76,0.1,0.01,NA,7.69,NA,NA,0.19,NA,NA,NA,NA,0.53,NA,NA,10.81,NA,NA,14.5,NA,NA,NA,NA,NA,NA,NA,NA,NA
Batu Putih,-5.80503,110.49186,2016,5,11,22.13,NA,32.85,14.43,NA,NA,NA,20.57,5.1,NA,NA,0.83,61.97,4.07,1.13,NA,129.72,6.34,21.19,NA,NA,NA,NA,NA,NA,NA,NA,NA,NA,21.8,NA,NA,8.5,NA,NA,NA,NA,NA,NA,NA,NA,NA,NA,NA,NA,NA,NA,NA,NA
Batu Putih,-5.80503,110.49186,2016,11,5,44.32,2.93,145.81,NA,3.25,NA,NA,71.26,2.79,NA,NA,6.04,583.67,2.33,NA,14,187.15,7.29,NA,NA,NA,NA,NA,NA,NA,NA,NA,NA,NA,NA,NA,NA,NA,NA,2.18,NA,NA,NA,NA,NA,NA,NA,NA,NA,NA,NA,NA,NA,NA
Bengkoang,-5.74239,110.41747,2016,5,16,27.72,NA,201.16,4.07,0.72,2.26,0.16,1.7,15.55,NA,NA,4.3,104.48,4.21,NA,9.49,96.98,11.73,NA,NA,0.5,NA,NA,NA,1.81,8.59,NA,NA,NA,NA,NA,NA,NA,NA,NA,NA,7.88,NA,NA,8.56,NA,NA,NA,NA,0.43,NA,NA,NA,NA
Burung,-5.89102,110.34657,2016,5,17,43.79,NA,108.1,3.58,12.63,NA,NA,12.73,9.16,NA,5.14,16.7,1.88,3.39,NA,13,166.68,8.57,NA,NA,0.26,NA,NA,NA,NA,5.17,NA,NA,NA,0.98,NA,NA,NA,NA,NA,NA,NA,NA,NA,NA,NA,NA,NA,NA,NA,NA,NA,NA,NA
Cemara Besar 1,-5.80675,110.37822,2016,5,16,39.9,NA,145.68,3.02,23.84,NA,0.91,8.2,6.76,NA,NA,1.21,122.66,8.2,NA,24.56,130.94,10.5,0.76,NA,NA,NA,NA,NA,NA,NA,NA,NA,NA,NA,NA,NA,NA,NA,NA,NA,10.16,NA,NA,NA,NA,NA,NA,NA,0.47,NA,NA,NA,NA
Cemara Besar 2,-5.8031,110.38098,2016,5,14,29.02,NA,64.75,3.48,8.03,0.54,0.04,29.88,2.32,NA,NA,1.74,181.45,19.37,NA,5.98,120.72,8.46,2.91,NA,NA,NA,NA,NA,NA,NA,NA,NA,NA,NA,NA,NA,NA,NA,0.86,NA,NA,0.02,NA,NA,NA,NA,NA,NA,NA,NA,NA,NA,NA
Cemara Kecil 1,-5.83129,110.38224,2016,5,12,30.06,NA,37.24,3.6,9.89,NA,0.25,5.42,2.15,NA,5.33,7.11,1.84,6.03,NA,1.46,129.61,8,0.64,1.12,NA,NA,NA,NA,NA,NA,NA,NA,NA,NA,NA,NA,NA,NA,NA,NA,NA,NA,NA,NA,2.1,NA,NA,NA,NA,NA,NA,NA,NA
Cemara Kecil 2,-5.833226,110.381165,2016,5,12,21.01,NA,22.26,0.48,11.66,NA,NA,NA,3.67,NA,NA,0.74,9.51,3.85,NA,11.44,95.13,8.28,NA,NA,NA,NA,NA,NA,NA,NA,NA,NA,NA,NA,NA,NA,NA,NA,NA,NA,NA,NA,NA,NA,NA,NA,NA,NA,NA,NA,NA,NA,NA
Cendekian,-5.80419,110.55876,2016,5,8,25.83,NA,144.31,5.54,9.05,NA,NA,15.83,13.53,NA,NA,4.1,203.44,1.25,NA,13.33,98.5,7.33,6.03,NA,0.37,NA,NA,NA,4.41,NA,NA,NA,NA,NA,NA,NA,NA,NA,NA,NA,7.88,0.03,NA,NA,NA,NA,NA,NA,NA,NA,NA,NA,NA
Gelean,-5.88023,110.3594,2016,5,17,27.53,0.72,48.71,0.68,14.37,1.49,NA,25.38,17.43,NA,NA,7.84,155.71,27.84,NA,12.49,150.89,11.76,1.73,NA,0.5,NA,NA,NA,NA,NA,NA,NA,NA,NA,NA,NA,NA,NA,NA,NA,NA,NA,NA,NA,4.25,NA,NA,NA,NA,NA,NA,NA,NA
Genting 1,-5.86211,110.60538,2016,5,7,13.87,NA,90.87,18.32,1.88,NA,0.06,20.86,0.43,NA,1.7,3.75,3.68,8.59,NA,0.27,35.78,3.57,NA,NA,NA,NA,NA,NA,NA,NA,NA,NA,NA,4.57,3.37,NA,NA,NA,NA,NA,NA,0.06,NA,NA,1.54,NA,NA,NA,NA,NA,NA,NA,NA
Genting 2,-5.8336,110.60616,2016,5,7,19.25,NA,100.18,1.85,NA,NA,0.22,15.29,6.96,NA,NA,8.69,47.63,4.85,NA,3.89,55.97,6.59,NA,NA,NA,NA,NA,1.27,NA,3.96,NA,NA,NA,NA,NA,NA,NA,NA,NA,NA,5.09,NA,1.12,NA,NA,NA,NA,NA,NA,NA,NA,NA,NA
Genting 3,-5.84098,110.61131,2016,5,7,30.48,1.63,97.22,3.24,0.87,0.96,NA,14.61,6.89,NA,3.72,8.75,35.81,7.75,NA,5.69,77.59,5.66,1.53,NA,NA,NA,0.12,NA,4.81,NA,NA,NA,NA,NA,NA,NA,NA,NA,NA,NA,NA,NA,NA,NA,NA,NA,NA,NA,NA,NA,NA,NA,NA
Gosong Selikur 1,-5.729274,110.204483,2016,5,20,29.47,NA,142.11,1.61,2.07,NA,NA,5.79,4.11,NA,NA,NA,54.01,2.63,NA,2.27,92.2,5.86,NA,NA,0.33,NA,NA,NA,NA,NA,NA,NA,NA,NA,NA,NA,NA,NA,NA,NA,NA,NA,NA,NA,NA,NA,NA,NA,NA,NA,NA,NA,NA
Gosong Selikur 2,-5.727058,110.207648,2016,5,20,48.93,NA,256.86,13.11,0.52,NA,NA,8.15,9.28,NA,NA,11.77,99.51,1.15,0.93,17.34,135.54,6.85,NA,0.43,0.33,NA,NA,NA,NA,NA,NA,NA,NA,NA,1.68,NA,NA,NA,NA,NA,NA,NA,NA,NA,NA,NA,NA,NA,NA,NA,NA,NA,NA
Gosong Tengah,-5.7998,110.51065,2016,5,10,35.77,NA,302.59,2.76,NA,NA,0.46,13.39,7.48,NA,NA,43.77,104.84,7.93,0.37,2.6,79.87,7.14,NA,NA,NA,NA,NA,0.05,5.86,1.3,NA,NA,NA,NA,2.69,NA,NA,NA,NA,NA,NA,NA,NA,NA,NA,NA,NA,NA,NA,NA,NA,NA,NA
Karang Kapal,-5.89937,110.24403,2016,5,23,57.99,NA,138.64,4.26,12.52,NA,NA,3.61,17.87,NA,NA,0.5,206.37,2.38,NA,23.62,160.75,10.04,NA,3.33,0.83,NA,NA,NA,2.4,NA,NA,NA,NA,NA,NA,NA,NA,NA,NA,NA,NA,NA,NA,NA,6.09,NA,NA,NA,NA,NA,NA,NA,NA
Karang Katang,-5.804122,110.149306,2016,5,21,25.54,0.72,41.59,19.75,3.73,NA,NA,5.86,18.32,NA,10.18,NA,77.66,3.54,NA,1.33,137.73,6.97,NA,NA,NA,NA,NA,NA,3.53,NA,NA,NA,NA,7.28,NA,NA,NA,NA,0.86,NA,NA,NA,NA,NA,NA,NA,NA,NA,NA,NA,NA,NA,NA
Katang 1,-5.798441,110.166105,2016,5,21,31.98,NA,115.25,2.39,NA,NA,NA,23.56,4.79,NA,NA,NA,14.41,12.26,NA,3.19,85.91,3.44,NA,NA,NA,NA,NA,NA,NA,5.46,NA,NA,NA,NA,NA,NA,NA,NA,NA,NA,NA,NA,NA,NA,NA,NA,NA,NA,NA,NA,NA,NA,NA
Katang 2,-5.802959,110.164412,2016,5,21,32.07,NA,103.56,5.08,1.04,NA,0.32,10.51,8.32,NA,NA,NA,2.87,6.89,NA,14.04,124.06,6.17,NA,NA,NA,NA,NA,NA,NA,NA,NA,NA,NA,NA,NA,NA,NA,NA,NA,NA,NA,NA,NA,NA,NA,NA,NA,NA,NA,NA,NA,NA,NA
Kecil,-5.82036,110.51187,2016,5,10,34.11,0.61,174.87,8.31,1.93,NA,NA,8.39,2.98,NA,2.56,20.79,820.74,3.96,1.33,5.98,128.3,8.54,NA,NA,0.28,NA,NA,NA,NA,NA,NA,NA,NA,NA,NA,NA,NA,NA,NA,NA,NA,NA,NA,NA,NA,NA,NA,NA,NA,NA,NA,NA,NA
Kembar,-5.743575,110.19561,2016,5,20,41.67,NA,132.94,3.04,9.62,NA,0.57,2.14,6.5,NA,NA,1.5,117.42,10.8,NA,1.78,119.77,8.61,NA,NA,0.42,NA,NA,0.8,NA,NA,NA,NA,NA,NA,4.81,NA,NA,NA,NA,7.01,NA,NA,NA,NA,NA,NA,NA,NA,0.16,NA,NA,NA,NA
Kumbang 1,-5.771209,110.226294,2016,5,19,51.13,NA,128.54,1.54,NA,NA,NA,19.22,8.55,NA,NA,19.71,243.98,2.19,NA,7.63,113.74,9.25,NA,1.33,NA,NA,NA,NA,NA,9.13,NA,0.71,NA,NA,NA,NA,NA,NA,NA,NA,NA,NA,NA,NA,NA,NA,NA,NA,NA,NA,NA,NA,NA
Kumbang 2,-5.774815,110.228799,2016,5,19,142.45,NA,170.76,0.81,23.57,NA,NA,1.7,7.43,NA,NA,9.54,98.36,4.78,NA,4.66,67.87,7.39,1.03,NA,NA,NA,NA,NA,NA,5.71,NA,NA,NA,28.54,7.94,NA,NA,NA,NA,NA,NA,NA,NA,NA,NA,NA,NA,NA,NA,NA,NA,NA,NA
Kumbang 3,-5.775143,110.233448,2016,5,22,79.19,2.49,104.13,22.95,1.51,NA,0.64,42.22,10.92,NA,3.62,14.27,48.94,8.69,NA,8.48,97.91,12.06,NA,NA,NA,NA,NA,NA,NA,4.63,NA,NA,NA,NA,5.36,NA,NA,NA,NA,NA,NA,NA,NA,NA,5.39,NA,NA,NA,1.11,NA,NA,NA,NA
Legon Janten,-5.86647,110.461393,2016,5,5,37.36,NA,328.74,2.43,7.67,4.95,0.2,7.23,9.16,NA,NA,13.55,178.12,14.4,0.56,2.67,74.03,4.82,NA,NA,NA,NA,NA,0.22,NA,NA,NA,NA,NA,NA,NA,NA,NA,NA,NA,NA,NA,NA,NA,7.24,1.76,NA,NA,NA,NA,NA,NA,NA,NA
Legon Moto,-5.86286,110.46648,2016,5,11,25.79,NA,91.66,0.11,54.26,1.13,0.15,4.04,2.54,NA,NA,3.84,29.77,4.31,NA,20.8,101.24,8.28,NA,NA,0.93,NA,NA,NA,NA,NA,NA,NA,NA,NA,NA,NA,NA,NA,1.65,NA,NA,NA,NA,NA,NA,NA,NA,NA,NA,NA,NA,NA,NA
Menjangan Besar,-5.89806,110.43379,2016,5,6,25.08,NA,68.1,10.49,4.19,2.64,NA,11.73,2.17,NA,4.76,NA,10.6,1.76,0.32,2.99,62.79,8,3.78,NA,NA,NA,NA,NA,NA,3.96,NA,NA,NA,2.51,NA,NA,NA,NA,NA,NA,NA,NA,NA,NA,NA,NA,NA,NA,0.54,0.29,0.23,NA,NA
Menjangan Kecil,-5.90131,110.40563,2016,5,6,44.06,0.63,84.06,9.32,1.77,0.8,NA,63.09,8.92,NA,NA,9.11,56.22,7.76,NA,4.84,75.19,7.99,NA,NA,NA,NA,NA,NA,NA,6.88,NA,NA,NA,NA,NA,NA,NA,NA,NA,NA,NA,NA,NA,0.85,NA,NA,NA,NA,NA,NA,NA,NA,NA
Menyawakan,-5.79817,110.34733,2016,5,15,28.49,NA,89.11,11.12,5.26,1.13,0.29,6.92,7.77,NA,2.22,12.3,1.28,11.23,NA,4.31,133.17,9.59,NA,NA,0.57,NA,NA,NA,NA,1.94,NA,NA,NA,NA,NA,NA,NA,NA,NA,NA,NA,NA,NA,NA,4.5,NA,NA,NA,NA,NA,NA,NA,NA
Nyamuk,-5.82071,110.206447,2016,5,23,52.88,NA,286.2,0.61,26.52,NA,NA,2.34,10.4,NA,NA,NA,3.39,2.1,NA,3.45,104.36,7.1,1.18,NA,NA,NA,NA,NA,NA,NA,NA,NA,NA,NA,NA,NA,NA,NA,NA,NA,NA,NA,NA,NA,NA,NA,NA,NA,NA,NA,NA,NA,NA
Pantai Nirwana,-5.8868,110.45016,2016,5,12,30.99,1.2,384.05,1.34,3.81,NA,0.13,10.72,0.6,NA,NA,14.3,45.51,3.37,0.85,9.03,61.69,12.66,NA,NA,NA,NA,NA,NA,NA,4.68,NA,NA,NA,NA,NA,NA,NA,NA,NA,NA,NA,NA,NA,NA,NA,NA,NA,NA,NA,NA,NA,NA,NA
Parang 1,-5.755273,110.260433,2016,5,22,55.23,0.48,168.62,8.38,0.95,NA,NA,31.25,9.17,NA,1.13,26.63,25.35,5.18,0.56,10.83,76.51,5.62,NA,NA,NA,NA,NA,0.14,NA,NA,NA,NA,NA,NA,NA,NA,NA,NA,NA,NA,NA,NA,NA,NA,NA,NA,NA,NA,NA,NA,NA,NA,NA
Parang 2,-5.768011,110.258263,2016,5,22,31.99,NA,105.59,2.19,10.92,NA,NA,6.82,9.29,NA,NA,NA,258.28,3.09,NA,0.27,128.54,4.88,NA,NA,0.5,NA,NA,NA,2.57,NA,NA,NA,NA,NA,NA,NA,NA,NA,NA,NA,NA,NA,NA,NA,NA,NA,NA,NA,NA,NA,NA,NA,NA
Sintok 1,-5.78476,110.51927,2016,5,8,41.5,NA,137.65,3.88,0.49,1.54,1.24,14.93,3.86,NA,NA,6.16,75.76,7.58,0.56,3.24,92.32,12.19,0.3,NA,NA,NA,NA,NA,NA,3.44,NA,NA,NA,0.74,1.91,NA,11.82,NA,NA,NA,NA,NA,1.81,NA,NA,NA,NA,NA,NA,NA,NA,NA,NA
Sintok 2,-5.78817,110.51389,2016,5,8,45.91,NA,96.18,16.77,4.06,1.93,NA,15.62,7.64,NA,6.41,0.72,25.43,40.98,0.61,22.67,123.06,12.33,1.73,1.12,NA,NA,NA,NA,NA,NA,NA,NA,NA,NA,NA,NA,4.13,NA,NA,NA,NA,NA,NA,NA,NA,NA,NA,NA,NA,NA,NA,NA,NA
Taka Malang E,-5.822472,110.438789,2016,5,14,14.45,NA,30.28,10.84,32.7,NA,NA,3.3,5.62,NA,1.96,NA,56.23,1.92,NA,4.05,79.08,10.24,NA,NA,NA,NA,0.08,NA,NA,NA,NA,NA,NA,NA,NA,NA,NA,NA,1.09,NA,NA,NA,NA,NA,NA,NA,NA,NA,NA,NA,NA,NA,NA
Taka Malang W,-5.82071,110.438853,2016,5,14,24.73,NA,100.11,1.81,1.54,NA,NA,NA,0.65,NA,1.65,4.65,41.32,NA,NA,0.68,130.92,7.19,NA,NA,NA,NA,NA,NA,NA,NA,NA,NA,NA,NA,NA,NA,NA,NA,NA,NA,NA,NA,NA,NA,NA,NA,NA,NA,NA,NA,NA,NA,NA
Taka Menyawakan E,-5.76733,110.325654,2016,5,15,41.92,NA,71.22,268.96,3.79,12.24,NA,6.8,9.1,NA,12.49,22.83,329.96,8.1,NA,9.94,197.01,9.72,NA,1.11,NA,NA,NA,NA,26.56,34.79,NA,NA,NA,NA,NA,NA,NA,NA,NA,NA,NA,NA,NA,NA,17.83,NA,NA,NA,NA,NA,NA,NA,NA
Taka Menyawakan W,-5.766931,110.324744,2016,5,15,19.8,NA,34.23,7,NA,NA,NA,NA,NA,NA,NA,NA,21.99,5.68,NA,23.58,66.6,8.88,NA,NA,NA,NA,NA,NA,NA,NA,NA,NA,NA,NA,NA,NA,NA,NA,NA,NA,NA,NA,NA,NA,NA,NA,NA,NA,NA,NA,NA,NA,NA
Tanjung Dua,-5.85681,110.47279,2016,5,5,25.65,NA,163.2,4.61,5.95,NA,0.13,6.54,0.66,NA,NA,1.53,48.91,5.7,NA,19.26,102.04,7.03,NA,NA,NA,NA,NA,NA,NA,2.25,NA,NA,NA,5.97,NA,NA,NA,NA,NA,NA,NA,NA,NA,7.49,2.7,NA,NA,NA,NA,NA,NA,NA,NA
Tanjung Lemu,-5.83365,110.48852,2016,5,11,24.75,NA,140.71,5.62,14.1,NA,NA,6.36,0.94,NA,NA,2.82,162.67,2.54,NA,1.21,105.04,5.36,NA,NA,NA,NA,NA,NA,NA,NA,NA,0.09,NA,NA,NA,NA,NA,NA,NA,4.61,NA,NA,NA,NA,NA,NA,NA,NA,NA,NA,NA,0.05,NA
Tanjung Sekoci,-5.85771,110.46753,2016,5,5,42.58,NA,64.59,0.4,37.88,NA,0.4,19.44,9.74,NA,NA,4.21,270.42,5.79,0.26,6.36,114.67,2.7,3.97,NA,NA,NA,NA,0.05,NA,NA,NA,NA,NA,NA,NA,NA,NA,NA,NA,NA,NA,NA,NA,NA,NA,NA,NA,NA,NA,NA,NA,NA,NA
Tengah,-5.80877,110.51163,2016,5,10,26.6,NA,225.47,1.87,1.69,NA,NA,7.54,3.4,NA,NA,14.39,64.29,10.67,0.91,2.49,83.87,4.58,NA,NA,NA,NA,NA,NA,NA,NA,NA,NA,NA,NA,NA,NA,NA,NA,NA,NA,NA,NA,NA,0.24,NA,NA,NA,NA,NA,NA,NA,NA,NA
Batu Putih,-5.80503,110.49186,2019,3,31,18.29,0.44,18.31,NA,33.26,NA,NA,15.24,1.95,NA,8.14,NA,163.05,3.53,NA,0.41,80.54,7.94,NA,NA,NA,NA,NA,NA,NA,NA,NA,NA,NA,NA,NA,NA,NA,NA,NA,NA,NA,NA,NA,NA,NA,NA,NA,NA,NA,NA,NA,NA,NA
Bengkoang,-5.74239,110.41747,2019,4,1,21,0.35,77.33,38.49,1,NA,NA,22.15,10.96,NA,8.07,1.57,30.47,14.59,NA,9.8,40.45,12.84,NA,NA,NA,NA,NA,NA,NA,NA,NA,NA,NA,NA,NA,NA,NA,NA,NA,NA,NA,NA,NA,NA,NA,NA,NA,NA,NA,NA,NA,NA,NA
Burung,-5.89102,110.34657,2019,4,2,20.38,0.51,46.53,7.13,2.58,NA,NA,6.75,1.95,NA,NA,7.55,15.3,10.05,NA,13.26,77.27,5.44,NA,NA,NA,NA,NA,NA,NA,NA,NA,NA,NA,NA,NA,NA,NA,NA,NA,NA,NA,NA,NA,NA,2,NA,NA,NA,NA,NA,NA,NA,NA
Cemara Besar 1,-5.80675,110.37822,2019,3,30,23.91,0.36,44.07,8.89,5.25,NA,1.03,19.47,1.57,NA,NA,NA,44.02,11.12,NA,3.04,56.17,4.61,NA,NA,NA,NA,NA,NA,NA,NA,NA,NA,NA,NA,NA,NA,NA,NA,NA,NA,NA,NA,NA,NA,NA,NA,NA,NA,NA,NA,NA,NA,NA
Cemara Besar 2,-5.8031,110.38098,2019,4,1,62.99,NA,12.17,19.45,5.23,NA,0.29,38.06,4.3,NA,NA,3.42,17.5,93.13,NA,1.91,79.95,6.1,NA,NA,NA,NA,NA,NA,NA,4.61,NA,0.08,NA,3.22,NA,NA,NA,NA,NA,NA,11.85,NA,NA,NA,NA,NA,NA,NA,NA,NA,NA,NA,NA
Cemara Kecil 1,-5.83129,110.38224,2019,4,1,21.05,0.6,68.13,5.26,NA,NA,0.49,3.24,5.11,NA,1.74,0.36,NA,17.19,NA,12.59,75.44,4.44,NA,NA,NA,NA,NA,NA,NA,14.53,NA,NA,NA,NA,NA,NA,NA,NA,NA,NA,NA,NA,NA,NA,NA,NA,NA,NA,NA,NA,NA,NA,NA
Cemara Kecil 2,-5.833226,110.381165,2019,4,3,18.83,0.63,70.1,6.33,10.05,NA,NA,25.8,1.82,NA,NA,NA,NA,15.91,NA,3.88,46.16,4.45,NA,NA,NA,NA,NA,NA,NA,8.23,NA,NA,NA,NA,NA,NA,NA,NA,NA,NA,NA,NA,NA,NA,3.86,NA,NA,NA,NA,NA,NA,NA,NA
Cendekian,-5.80419,110.55876,2019,3,27,20.47,NA,79.54,8.5,2.45,0.6,NA,12.84,1.79,NA,NA,9.17,37.06,20.44,0.4,20.9,35.85,7.23,NA,NA,NA,NA,NA,NA,NA,NA,NA,NA,NA,NA,NA,NA,NA,NA,NA,0.3,2.45,NA,NA,NA,NA,NA,NA,NA,NA,NA,NA,NA,NA
Gelean,-5.88023,110.3594,2019,4,2,18.35,NA,44.26,5.7,25.3,NA,NA,13.51,19.97,NA,NA,NA,67.87,19.88,NA,5.03,154.25,5.09,0.76,NA,NA,NA,NA,NA,NA,NA,NA,NA,NA,NA,NA,NA,NA,NA,NA,NA,NA,NA,NA,NA,NA,NA,NA,NA,NA,NA,NA,NA,NA
Genting 1,-5.86211,110.60538,2019,3,26,14.34,NA,82.33,12.94,2.6,NA,NA,13.82,16.58,NA,NA,5.99,NA,3.15,NA,4.29,17.11,3.98,NA,NA,NA,NA,NA,NA,NA,NA,NA,NA,NA,NA,6.63,NA,NA,NA,NA,NA,NA,NA,NA,NA,NA,NA,NA,NA,NA,NA,NA,NA,NA
Genting 2,-5.8336,110.60616,2019,3,26,11.81,NA,63.42,5.22,NA,0.71,NA,12.92,6.36,NA,NA,22.46,7.14,5.11,NA,2.17,36.52,12.27,NA,NA,NA,NA,NA,NA,NA,16.08,NA,NA,NA,NA,NA,NA,NA,NA,NA,NA,3.63,NA,NA,NA,0.6,NA,NA,NA,NA,NA,NA,NA,NA
Genting 3,-5.84098,110.61131,2019,3,26,14.64,NA,58.73,16.53,NA,NA,NA,5.92,0.19,NA,NA,12.95,38.34,7.51,NA,3.9,44.8,3.65,NA,NA,NA,NA,NA,NA,NA,NA,NA,NA,NA,NA,NA,NA,NA,NA,NA,NA,NA,NA,NA,NA,2.82,NA,NA,NA,NA,NA,NA,NA,NA
Gosong Selikur 1,-5.729274,110.204483,2019,4,8,10.22,NA,101.75,4.8,0.05,NA,NA,3.62,0.89,NA,2.54,NA,1.12,1.63,NA,1.06,61.13,4.45,NA,NA,NA,NA,NA,NA,NA,NA,NA,NA,NA,NA,NA,NA,NA,NA,NA,NA,NA,NA,NA,NA,1.99,NA,NA,NA,NA,NA,NA,NA,NA
Gosong Selikur 2,-5.727058,110.207648,2019,4,8,14.79,NA,135.47,12.41,0.3,8.18,NA,12.11,9.64,NA,1.65,22.92,278.13,3.51,NA,8.46,56.26,4.58,NA,3.09,NA,NA,NA,NA,NA,NA,NA,NA,NA,NA,5.29,NA,11.11,NA,NA,NA,NA,NA,NA,NA,NA,NA,NA,NA,NA,NA,NA,NA,3.48
Gosong Tengah,-5.7998,110.51065,2019,3,30,18.03,0.42,80.24,8.84,0.59,NA,NA,12.59,1.79,NA,2.56,8.34,35.23,3.92,0.4,1.49,62.36,7.69,NA,NA,NA,NA,NA,NA,NA,0.47,NA,0.58,NA,NA,NA,NA,NA,NA,NA,NA,NA,NA,NA,NA,NA,NA,NA,NA,NA,NA,NA,NA,NA
Karang Kapal,-5.89937,110.24403,2019,4,6,46.99,1.2,196.92,29.15,4.26,2.26,NA,87.76,7.14,NA,18.72,14.02,142.64,7.96,NA,18.52,78.22,15.96,18.89,1.67,NA,NA,NA,NA,NA,37.86,NA,NA,NA,NA,NA,NA,NA,NA,NA,NA,NA,NA,NA,NA,0.85,NA,NA,NA,NA,NA,NA,NA,NA
Karang Katang,-5.804122,110.149306,2019,4,7,42.77,NA,111.31,57.23,16.91,2.39,NA,60.62,8.26,NA,38.87,1.99,79.58,12.44,NA,4.25,73.62,8.9,NA,NA,NA,NA,NA,NA,NA,NA,NA,NA,NA,14.61,NA,NA,NA,NA,NA,NA,NA,NA,NA,NA,8.99,NA,NA,NA,NA,NA,NA,NA,NA
Katang 1,-5.798441,110.166105,2019,4,7,34.35,0.54,111.59,6.28,7.75,5.04,NA,1.95,5.22,NA,6.3,1.25,83.08,10.19,NA,1,51.14,3.17,NA,NA,NA,NA,NA,NA,NA,NA,NA,NA,NA,NA,10.58,NA,NA,NA,NA,NA,NA,NA,NA,NA,2.25,NA,NA,NA,NA,NA,NA,NA,NA
Katang 2,-5.802959,110.164412,2019,4,7,59.06,0.43,56.9,24.43,1.6,22.29,NA,9.46,4.35,NA,9.87,NA,31.7,13.69,NA,5.88,64.68,4.5,3.59,NA,0.37,NA,NA,NA,NA,NA,NA,NA,NA,NA,NA,NA,56.46,NA,NA,NA,NA,NA,NA,NA,0.33,NA,NA,NA,NA,NA,NA,NA,NA
Kecil,-5.82036,110.51187,2019,3,31,23.7,NA,58.33,NA,2.46,NA,NA,6.62,3.62,NA,NA,23.34,61.18,8.06,NA,0.83,54.17,6.55,NA,NA,NA,NA,NA,NA,NA,NA,NA,0.08,NA,NA,NA,NA,NA,NA,NA,NA,NA,NA,NA,NA,NA,NA,NA,NA,NA,NA,NA,NA,NA
Kembar,-5.743575,110.19561,2019,4,8,19.38,1.86,120.63,13.1,10.05,3.25,0.19,70.96,12.3,NA,NA,14.5,10.37,29.2,NA,38.88,78.29,17.91,NA,4.94,NA,NA,NA,NA,NA,3.18,NA,NA,NA,NA,NA,NA,NA,NA,NA,NA,3.63,NA,NA,NA,4.24,NA,NA,NA,0.86,NA,NA,NA,NA
Kumbang 1,-5.771209,110.226294,2019,4,9,25.9,NA,101.97,31.92,NA,NA,NA,27.95,13.75,NA,3.76,1.69,88.3,3.24,NA,4.54,61.18,11.77,NA,NA,NA,NA,NA,NA,19.48,1.63,NA,NA,NA,NA,NA,NA,NA,NA,NA,NA,NA,NA,NA,NA,NA,NA,NA,NA,NA,NA,NA,NA,NA
Kumbang 2,-5.774815,110.228799,2019,4,9,56.69,NA,95.87,11.46,2.3,NA,NA,4.62,9.14,NA,22.21,2.5,130.39,2.18,NA,8.22,25.73,11.03,NA,NA,NA,NA,NA,NA,NA,4,NA,NA,NA,NA,NA,NA,NA,NA,NA,NA,NA,NA,NA,NA,6.16,NA,NA,NA,NA,NA,NA,NA,NA
Kumbang 3,-5.775143,110.233448,2019,4,9,30.02,6.76,68.67,4.11,23.87,0.43,0.19,63.69,10.6,NA,NA,10.37,81.35,27.93,5.13,2.41,57.64,14.85,1.03,NA,NA,NA,NA,NA,NA,0.57,NA,NA,NA,NA,NA,NA,NA,NA,NA,NA,NA,NA,NA,NA,4.24,NA,NA,NA,0.13,NA,NA,NA,NA
Legon Janten,-5.86647,110.461393,2019,3,24,13.02,NA,27.53,1.27,28.97,4.68,NA,23.57,3.18,NA,NA,3.25,155.36,2.7,NA,10.7,49.97,8.21,NA,NA,NA,NA,NA,NA,NA,NA,NA,NA,NA,NA,NA,NA,8.73,NA,NA,NA,NA,NA,NA,NA,NA,NA,0.43,NA,NA,NA,NA,NA,NA
Legon Moto,-5.86286,110.46648,2019,3,24,13.33,6.34,70.38,5.3,NA,0.4,NA,5.79,1.82,NA,NA,1.1,70.43,3.3,NA,3.3,42.79,9.54,NA,NA,NA,NA,NA,NA,NA,0.27,NA,NA,NA,2.63,NA,NA,NA,NA,NA,NA,NA,NA,NA,NA,NA,NA,NA,NA,NA,NA,NA,NA,NA
Menjangan Besar,-5.89806,110.43379,2019,3,28,12.32,0.32,69.02,6.75,5.79,NA,0.29,0.74,0.73,NA,NA,3.35,5.08,29.51,NA,2.21,50.84,6.01,0.76,NA,NA,NA,NA,NA,NA,NA,NA,NA,NA,NA,NA,NA,NA,NA,NA,NA,NA,NA,NA,NA,NA,NA,NA,NA,0.48,NA,NA,NA,NA
Menjangan Kecil,-5.90131,110.40563,2019,3,28,12.65,NA,41.83,3.73,NA,NA,NA,40.25,6.99,NA,NA,7.63,20.9,10.39,NA,2.97,49.14,11.16,1.03,2,NA,NA,NA,NA,3.06,1.23,NA,NA,NA,NA,NA,NA,NA,NA,2.38,NA,NA,NA,NA,NA,3.3,NA,NA,NA,NA,NA,NA,NA,NA
Menyawakan,-5.79817,110.34733,2019,4,4,24.96,2.31,221.39,17.45,16.83,NA,NA,9.92,0.19,NA,NA,5.96,37.4,15.75,NA,15.98,70.98,7.22,2.62,NA,NA,NA,NA,NA,NA,NA,NA,NA,NA,NA,NA,NA,NA,NA,NA,NA,NA,NA,NA,NA,NA,NA,NA,NA,NA,NA,NA,NA,NA
Nyamuk,-5.82071,110.206447,2019,4,6,35.88,0.48,34.97,18.74,14.65,NA,NA,6.15,2.75,NA,1.19,NA,30.21,12.29,NA,22.42,38.62,5.02,NA,NA,NA,NA,NA,NA,NA,NA,NA,NA,NA,NA,NA,NA,NA,NA,NA,NA,NA,NA,NA,NA,1.16,NA,NA,NA,NA,NA,NA,NA,NA
Pantai Nirwana,-5.8868,110.45016,2019,3,25,7.66,0.83,46.56,3.17,0.02,3.08,NA,5.13,NA,NA,NA,25.81,104,11.54,NA,10.8,23.98,10.65,NA,NA,NA,NA,NA,NA,NA,NA,NA,NA,NA,NA,NA,NA,NA,NA,NA,NA,NA,NA,NA,NA,2.25,NA,NA,NA,NA,NA,NA,1.24,NA
Parang 1,-5.755273,110.260433,2019,4,10,19.41,0.18,137.37,8.01,6.94,NA,0.13,6.45,2.54,NA,NA,5.75,124.2,4.76,NA,0.27,28.64,3.74,NA,NA,NA,NA,NA,NA,NA,NA,NA,NA,NA,NA,NA,NA,NA,NA,NA,NA,NA,NA,NA,NA,NA,NA,NA,NA,NA,NA,NA,NA,NA
Parang 2,-5.768011,110.258263,2019,4,10,33.08,0.86,194,8.93,3.01,0.54,0.23,23.1,11.43,NA,3.76,10.07,39.71,5.48,NA,15.87,63.03,15.97,1.35,NA,NA,NA,NA,NA,NA,3.13,NA,NA,NA,NA,NA,NA,NA,NA,NA,NA,NA,NA,NA,NA,NA,NA,NA,NA,NA,NA,NA,NA,NA
Sintok 1,-5.78476,110.51927,2019,3,27,19.31,NA,95.6,2.27,NA,NA,NA,9.69,6.12,NA,NA,11.91,2.14,16.75,NA,9.72,30.84,12.72,1.03,3.27,NA,NA,NA,NA,NA,0.18,NA,NA,NA,NA,NA,NA,NA,NA,NA,NA,NA,NA,NA,NA,NA,NA,NA,NA,NA,NA,NA,NA,NA
Sintok 2,-5.78817,110.51389,2019,3,27,16.5,NA,78.43,13.42,NA,NA,0.3,45.82,5,NA,3.76,11.01,32.04,62.93,0.16,1.71,42.8,8.58,NA,1.8,NA,NA,NA,NA,NA,NA,NA,NA,NA,NA,NA,NA,NA,NA,NA,NA,14.22,NA,NA,0.24,NA,NA,NA,NA,0.06,NA,NA,NA,NA
Taka Malang E,-5.822472,110.438789,2019,4,3,30.7,NA,58.52,4.35,19.09,NA,NA,1.02,4.3,NA,NA,2.94,25.3,NA,NA,0.41,34.74,7.32,2.7,NA,NA,NA,NA,NA,NA,NA,NA,NA,NA,NA,NA,NA,NA,NA,NA,NA,NA,NA,NA,NA,2.25,NA,NA,NA,NA,NA,NA,NA,NA
Taka Malang W,-5.82071,110.438853,2019,4,3,15.01,NA,29.67,4.17,0.01,NA,NA,5.81,3.76,NA,0.56,0.36,203.99,NA,NA,10.49,38.21,7.07,NA,NA,NA,NA,NA,NA,NA,NA,NA,NA,NA,NA,NA,NA,NA,NA,NA,NA,NA,NA,NA,NA,NA,NA,NA,NA,NA,NA,NA,NA,NA
Taka Menyawakan E,-5.76733,110.325654,2019,4,4,23.83,NA,57.5,181.92,NA,81.64,NA,3.49,12.05,NA,NA,27.47,251.3,10.26,NA,40.54,91.79,11.85,NA,NA,NA,NA,NA,NA,NA,8.17,NA,NA,NA,NA,NA,NA,NA,NA,NA,NA,NA,NA,NA,NA,NA,NA,NA,NA,NA,NA,NA,NA,NA
Taka Menyawakan W,-5.766931,110.324744,2019,4,4,23.67,NA,35.42,19.94,NA,NA,NA,2.13,0.75,NA,7.53,28.34,2575.15,1.9,NA,12.56,106.71,26.08,3.9,4.48,NA,NA,NA,NA,NA,NA,NA,NA,NA,NA,NA,NA,NA,NA,NA,NA,NA,NA,NA,NA,79.7,NA,NA,NA,NA,NA,NA,NA,NA
Tanjung Dua,-5.85681,110.47279,2019,3,25,13.35,0.47,37.03,NA,19.24,NA,NA,6.48,0.54,NA,NA,9.65,42.14,3.37,NA,5.28,45.28,8.92,NA,NA,NA,NA,NA,NA,NA,NA,NA,NA,NA,NA,NA,NA,NA,NA,NA,NA,NA,NA,NA,NA,6.31,NA,0.49,NA,NA,NA,NA,NA,NA
Tanjung Lemu,-5.83365,110.48852,2019,3,31,23.86,NA,38.96,5.68,15.87,NA,NA,39.05,1.49,NA,NA,7.37,159.7,5.18,0.23,9.05,66.49,5.57,NA,NA,NA,NA,NA,NA,NA,NA,NA,0.28,NA,NA,NA,NA,NA,NA,NA,3.14,NA,NA,NA,NA,NA,NA,NA,NA,NA,NA,NA,NA,NA
Tanjung Sekoci,-5.85771,110.46753,2019,3,25,14.33,NA,16.34,0.76,21.33,NA,NA,1.02,2.06,NA,NA,3.95,22.03,5.7,1.11,3.53,49.8,1.52,NA,NA,NA,NA,NA,NA,NA,0.89,NA,NA,NA,NA,NA,NA,NA,NA,NA,NA,NA,0.02,NA,NA,NA,NA,NA,NA,NA,NA,NA,NA,NA
Tengah,-5.80877,110.51163,2019,3,30,9.53,NA,43.32,1.07,8.91,NA,NA,0.53,3.38,NA,NA,3.97,195.74,1.87,NA,1.16,56.51,3.13,NA,NA,NA,NA,NA,NA,NA,NA,NA,NA,NA,NA,NA,NA,NA,NA,NA,NA,NA,NA,NA,0.38,2.82,NA,NA,NA,NA,NA,NA,NA,NA