site_name,latitude,longitude,sample_date_year,sample_date_month,sample_date_day,reef_exposure,reef_type,reef_zone,depth_avg,percent_cover_by_benthic_category_avg
Ampalas Barat,-6.92243,121.28002,2015,4,22,sheltered,atoll,back reef,5.5,"{'Sand': 9.83, 'Other': 0.0, 'Rubble': 7.83, 'Seagrass': 31.33, 'Hard coral': 25.67, 'Macroalgae': 2.5, 'Soft coral': 2.33, 'Turf algae': 0.0, 'Cyanobacteria': 0.0, 'Bare substrate': 17.83, 'Other invertebrates': 2.67, 'Crustose coralline algae': 0.0}"
Ampalas Timur,-6.922428003,121.280016,2015,4,22,semi-exposed,fringing,fore reef,5.5,"{'Sand': 6.83, 'Other': 0.0, 'Rubble': 11.0, 'Seagrass': 34.67, 'Hard coral': 19.83, 'Macroalgae': 1.5, 'Soft coral': 5.83, 'Turf algae': 0.5, 'Cyanobacteria': 0.0, 'Bare substrate': 16.67, 'Other invertebrates': 3.17, 'Crustose coralline algae': 0.0}"
Belang-Belang,-6.39778,121.09569,2015,4,12,exposed,atoll,fore reef,5,"{'Sand': 0.33, 'Other': 0.0, 'Rubble': 1.0, 'Seagrass': 0.0, 'Hard coral': 17.67, 'Macroalgae': 2.67, 'Soft coral': 19.17, 'Turf algae': 10.0, 'Cyanobacteria': 0.0, 'Bare substrate': 43.67, 'Other invertebrates': 5.5, 'Crustose coralline algae': 0.0}"
Bungin Kamase,-6.938359989,121.000066,2015,4,20,semi-exposed,fringing,fore reef,6,"{'Sand': 8.67, 'Other': 0.0, 'Rubble': 15.83, 'Seagrass': 0.0, 'Hard coral': 25.67, 'Macroalgae': 2.17, 'Soft coral': 11.0, 'Turf algae': 1.5, 'Cyanobacteria': 0.0, 'Bare substrate': 26.67, 'Other invertebrates': 8.5, 'Crustose coralline algae': 0.0}"
Bungin Laloh,-6.81948,121.28083,2015,4,23,exposed,atoll,fore reef,5,"{'Sand': 5.17, 'Other': 0.0, 'Rubble': 6.33, 'Seagrass': 0.0, 'Hard coral': 40.67, 'Macroalgae': 2.0, 'Soft coral': 14.83, 'Turf algae': 0.5, 'Cyanobacteria': 0.0, 'Bare substrate': 22.5, 'Other invertebrates': 8.0, 'Crustose coralline algae': 0.0}"
Jinato Barat,-6.77289,120.96176,2015,4,17,exposed,atoll,fore reef,5,"{'Sand': 3.67, 'Other': 0.0, 'Rubble': 4.5, 'Seagrass': 0.0, 'Hard coral': 52.0, 'Macroalgae': 3.33, 'Soft coral': 9.67, 'Turf algae': 0.17, 'Cyanobacteria': 0.0, 'Bare substrate': 16.17, 'Other invertebrates': 10.5, 'Crustose coralline algae': 0.0}"
Lantigiang Barat Daya,-6.70882,120.95501,2015,4,16,exposed,atoll,fore reef,5.5,"{'Sand': 8.5, 'Other': 0.0, 'Rubble': 5.33, 'Seagrass': 0.0, 'Hard coral': 38.5, 'Macroalgae': 1.5, 'Soft coral': 15.33, 'Turf algae': 0.33, 'Cyanobacteria': 0.0, 'Bare substrate': 26.33, 'Other invertebrates': 4.17, 'Crustose coralline algae': 0.0}"
Lantigiang Utara,-6.69546,120.96014,2015,4,16,exposed,atoll,fore reef,5,"{'Sand': 4.83, 'Other': 0.0, 'Rubble': 20.5, 'Seagrass': 0.0, 'Hard coral': 22.67, 'Macroalgae': 0.83, 'Soft coral': 8.83, 'Turf algae': 0.5, 'Cyanobacteria': 0.0, 'Bare substrate': 33.67, 'Other invertebrates': 8.17, 'Crustose coralline algae': 0.0}"
Latondu Kecil 1,-6.54816,120.92637,2015,4,9,exposed,atoll,fore reef,5.5,"{'Sand': 1.67, 'Other': 0.0, 'Rubble': 1.67, 'Seagrass': 0.0, 'Hard coral': 45.33, 'Macroalgae': 0.83, 'Soft coral': 17.17, 'Turf algae': 0.17, 'Cyanobacteria': 0.0, 'Bare substrate': 28.83, 'Other invertebrates': 4.33, 'Crustose coralline algae': 0.0}"
Latondu Kecil 2,-6.523467014,120.930956,2015,4,9,semi-exposed,fringing,fore reef,5.5,"{'Sand': 9.33, 'Other': 0.0, 'Rubble': 0.17, 'Seagrass': 0.0, 'Hard coral': 23.67, 'Macroalgae': 4.17, 'Soft coral': 17.0, 'Turf algae': 7.83, 'Cyanobacteria': 0.0, 'Bare substrate': 29.0, 'Other invertebrates': 8.83, 'Crustose coralline algae': 0.0}"
Latondu Kecil 3,-6.49715,120.94196,2015,4,9,exposed,atoll,fore reef,5.5,"{'Sand': 10.67, 'Other': 0.0, 'Rubble': 7.33, 'Seagrass': 0.17, 'Hard coral': 20.0, 'Macroalgae': 1.83, 'Soft coral': 10.0, 'Turf algae': 6.67, 'Cyanobacteria': 0.0, 'Bare substrate': 41.0, 'Other invertebrates': 2.33, 'Crustose coralline algae': 0.0}"
Latondu Timur,-6.499,121.0013,2015,4,8,semi-exposed,atoll,back reef,6.5,"{'Sand': 2.83, 'Other': 0.0, 'Rubble': 8.17, 'Seagrass': 0.0, 'Hard coral': 22.67, 'Macroalgae': 0.0, 'Soft coral': 28.17, 'Turf algae': 0.0, 'Cyanobacteria': 0.0, 'Bare substrate': 31.17, 'Other invertebrates': 7.0, 'Crustose coralline algae': 0.0}"
Latondu Utara,-6.490058005,120.99794,2015,4,8,semi-exposed,fringing,fore reef,6,"{'Sand': 3.5, 'Other': 0.0, 'Rubble': 0.0, 'Seagrass': 0.0, 'Hard coral': 37.0, 'Macroalgae': 4.83, 'Soft coral': 20.83, 'Turf algae': 0.0, 'Cyanobacteria': 0.0, 'Bare substrate': 22.17, 'Other invertebrates': 11.67, 'Crustose coralline algae': 0.0}"
Pasitalu Barat,-7.05258,121.06151,2015,4,20,exposed,atoll,fore reef,5,"{'Sand': 7.33, 'Other': 0.0, 'Rubble': 4.67, 'Seagrass': 0.0, 'Hard coral': 31.83, 'Macroalgae': 2.5, 'Soft coral': 13.17, 'Turf algae': 0.0, 'Cyanobacteria': 0.0, 'Bare substrate': 22.33, 'Other invertebrates': 18.17, 'Crustose coralline algae': 0.0}"
Pasitalu Tengah,-7.064357009,121.090362,2015,4,21,semi-exposed,fringing,fore reef,5.5,"{'Sand': 7.5, 'Other': 0.0, 'Rubble': 26.0, 'Seagrass': 0.0, 'Hard coral': 11.0, 'Macroalgae': 5.83, 'Soft coral': 4.0, 'Turf algae': 1.33, 'Cyanobacteria': 0.0, 'Bare substrate': 38.67, 'Other invertebrates': 5.67, 'Crustose coralline algae': 0.0}"
Pasitalu Timur,-7.07844,121.11573,2015,4,21,semi-exposed,atoll,fore reef,5.5,"{'Sand': 6.67, 'Other': 0.0, 'Rubble': 4.33, 'Seagrass': 0.0, 'Hard coral': 5.67, 'Macroalgae': 3.67, 'Soft coral': 4.17, 'Turf algae': 0.0, 'Cyanobacteria': 0.0, 'Bare substrate': 71.67, 'Other invertebrates': 3.83, 'Crustose coralline algae': 0.0}"
Rajuni Besar,-6.57093,121.01618,2015,4,14,semi-exposed,atoll,fore reef,5.5,"{'Sand': 10.33, 'Other': 0.0, 'Rubble': 7.33, 'Seagrass': 0.0, 'Hard coral': 59.5, 'Macroalgae': 0.0, 'Soft coral': 7.83, 'Turf algae': 0.0, 'Cyanobacteria': 0.0, 'Bare substrate': 10.67, 'Other invertebrates': 4.33, 'Crustose coralline algae': 0.0}"
Rajuni Kecil,-6.54722,120.9909,2015,4,14,sheltered,atoll,fore reef,6.5,"{'Sand': 0.17, 'Other': 0.0, 'Rubble': 58.83, 'Seagrass': 5.17, 'Hard coral': 15.67, 'Macroalgae': 3.17, 'Soft coral': 1.0, 'Turf algae': 0.0, 'Cyanobacteria': 0.0, 'Bare substrate': 14.5, 'Other invertebrates': 1.5, 'Crustose coralline algae': 0.0}"
Taka Balalong Timur,-6.848064009,121.157204,2015,4,24,semi-exposed,fringing,fore reef,5,"{'Sand': 26.33, 'Other': 0.0, 'Rubble': 5.33, 'Seagrass': 0.67, 'Hard coral': 27.0, 'Macroalgae': 0.67, 'Soft coral': 7.33, 'Turf algae': 0.17, 'Cyanobacteria': 0.0, 'Bare substrate': 25.5, 'Other invertebrates': 7.0, 'Crustose coralline algae': 0.0}"
Taka Balaloong Utara,-6.81288,121.12989,2015,4,26,sheltered,atoll,fore reef,5,"{'Sand': 11.17, 'Other': 0.0, 'Rubble': 14.17, 'Seagrass': 0.17, 'Hard coral': 50.0, 'Macroalgae': 1.17, 'Soft coral': 3.5, 'Turf algae': 0.67, 'Cyanobacteria': 0.0, 'Bare substrate': 16.33, 'Other invertebrates': 2.83, 'Crustose coralline algae': 0.0}"
Taka Balanda,-6.92343,121.30575,2015,4,22,exposed,atoll,back reef,5.5,"{'Sand': 9.67, 'Other': 0.0, 'Rubble': 8.0, 'Seagrass': 0.0, 'Hard coral': 41.83, 'Macroalgae': 4.17, 'Soft coral': 9.5, 'Turf algae': 0.83, 'Cyanobacteria': 0.0, 'Bare substrate': 22.67, 'Other invertebrates': 3.33, 'Crustose coralline algae': 0.0}"
Taka Bayang Pogo,-6.924783988,121.068763,2015,4,19,semi-exposed,fringing,fore reef,6,"{'Sand': 7.33, 'Other': 0.0, 'Rubble': 2.67, 'Seagrass': 0.0, 'Hard coral': 46.83, 'Macroalgae': 0.5, 'Soft coral': 15.33, 'Turf algae': 0.0, 'Cyanobacteria': 0.0, 'Bare substrate': 23.5, 'Other invertebrates': 3.83, 'Crustose coralline algae': 0.0}"
Taka Gantarang 1,-6.44483,121.2271,2015,4,13,exposed,atoll,fore reef,5.5,"{'Sand': 3.0, 'Other': 0.0, 'Rubble': 7.67, 'Seagrass': 0.83, 'Hard coral': 31.33, 'Macroalgae': 7.33, 'Soft coral': 7.5, 'Turf algae': 0.0, 'Cyanobacteria': 0.0, 'Bare substrate': 35.17, 'Other invertebrates': 7.17, 'Crustose coralline algae': 0.0}"
Taka Gantarang 2,-6.453174027,121.285359,2015,4,13,semi-exposed,fringing,fore reef,5.5,"{'Sand': 2.0, 'Other': 0.0, 'Rubble': 2.17, 'Seagrass': 0.0, 'Hard coral': 29.67, 'Macroalgae': 6.67, 'Soft coral': 20.5, 'Turf algae': 0.0, 'Cyanobacteria': 0.0, 'Bare substrate': 24.67, 'Other invertebrates': 14.33, 'Crustose coralline algae': 0.0}"
Taka Kayu Bulan Barat,-6.770354966,121.041817,2015,4,18,semi-exposed,fringing,fore reef,5,"{'Sand': 10.67, 'Other': 0.0, 'Rubble': 43.17, 'Seagrass': 0.0, 'Hard coral': 20.33, 'Macroalgae': 4.0, 'Soft coral': 1.17, 'Turf algae': 0.5, 'Cyanobacteria': 0.0, 'Bare substrate': 15.5, 'Other invertebrates': 4.67, 'Crustose coralline algae': 0.0}"
Taka Kayu Bulan Selatan,-6.7748309860000004,121.063497,2015,4,18,semi-exposed,fringing,fore reef,6,"{'Sand': 13.33, 'Other': 0.0, 'Rubble': 19.33, 'Seagrass': 2.33, 'Hard coral': 21.17, 'Macroalgae': 0.33, 'Soft coral': 4.33, 'Turf algae': 0.33, 'Cyanobacteria': 0.0, 'Bare substrate': 35.33, 'Other invertebrates': 3.5, 'Crustose coralline algae': 0.0}"
Taka Kayu Bulan Utara,-6.75829,121.05997,2015,4,18,semi-exposed,atoll,fore reef,5,"{'Sand': 13.17, 'Other': 0.0, 'Rubble': 23.0, 'Seagrass': 0.0, 'Hard coral': 27.5, 'Macroalgae': 1.33, 'Soft coral': 2.17, 'Turf algae': 1.0, 'Cyanobacteria': 0.0, 'Bare substrate': 25.0, 'Other invertebrates': 6.83, 'Crustose coralline algae': 0.0}"
Taka Kumai Barat,-6.87341,121.1457,2015,4,24,sheltered,atoll,fore reef,5.5,"{'Sand': 28.67, 'Other': 0.0, 'Rubble': 5.83, 'Seagrass': 0.17, 'Hard coral': 30.67, 'Macroalgae': 0.5, 'Soft coral': 3.17, 'Turf algae': 0.67, 'Cyanobacteria': 0.0, 'Bare substrate': 27.0, 'Other invertebrates': 3.33, 'Crustose coralline algae': 0.0}"
Taka Kumai Selatan,-6.873409962,121.145699,2015,4,26,semi-exposed,fringing,fore reef,5.5,"{'Sand': 15.5, 'Other': 0.0, 'Rubble': 25.0, 'Seagrass': 0.0, 'Hard coral': 26.0, 'Macroalgae': 1.67, 'Soft coral': 10.83, 'Turf algae': 0.17, 'Cyanobacteria': 0.0, 'Bare substrate': 15.0, 'Other invertebrates': 5.83, 'Crustose coralline algae': 0.0}"
Taka Kumai Utara,-6.89657704,121.150273,2015,4,24,semi-exposed,fringing,fore reef,5,"{'Sand': 17.0, 'Other': 0.0, 'Rubble': 7.0, 'Seagrass': 0.0, 'Hard coral': 55.17, 'Macroalgae': 0.0, 'Soft coral': 2.5, 'Turf algae': 0.5, 'Cyanobacteria': 0.0, 'Bare substrate': 14.5, 'Other invertebrates': 3.33, 'Crustose coralline algae': 0.0}"
Taka Lamongan,-6.542506004,121.234578,2015,4,11,semi-exposed,fringing,fore reef,5.5,"{'Sand': 3.67, 'Other': 0.0, 'Rubble': 12.0, 'Seagrass': 0.0, 'Hard coral': 19.0, 'Macroalgae': 5.0, 'Soft coral': 25.67, 'Turf algae': 3.83, 'Cyanobacteria': 0.0, 'Bare substrate': 12.33, 'Other invertebrates': 18.5, 'Crustose coralline algae': 0.0}"
Taka Lasalimu,-6.5849,121.18877,2015,4,7,exposed,atoll,fore reef,6.5,"{'Sand': 2.5, 'Other': 0.0, 'Rubble': 1.0, 'Seagrass': 0.0, 'Hard coral': 16.83, 'Macroalgae': 0.5, 'Soft coral': 36.83, 'Turf algae': 0.0, 'Cyanobacteria': 0.0, 'Bare substrate': 33.17, 'Other invertebrates': 9.17, 'Crustose coralline algae': 0.0}"
Taka Malori Selatan,-6.89226,121.0464,2015,4,19,exposed,atoll,pinnacle,8,"{'Sand': 2.33, 'Other': 0.0, 'Rubble': 3.67, 'Seagrass': 0.0, 'Hard coral': 64.33, 'Macroalgae': 3.67, 'Soft coral': 8.0, 'Turf algae': 0.0, 'Cyanobacteria': 0.0, 'Bare substrate': 13.0, 'Other invertebrates': 5.0, 'Crustose coralline algae': 0.0}"
Taka Malori Utara,-6.891774042,121.044765,2015,4,19,semi-exposed,fringing,fore reef,8,"{'Sand': 0.33, 'Other': 0.0, 'Rubble': 0.67, 'Seagrass': 0.0, 'Hard coral': 72.33, 'Macroalgae': 1.33, 'Soft coral': 10.0, 'Turf algae': 0.0, 'Cyanobacteria': 0.0, 'Bare substrate': 14.67, 'Other invertebrates': 0.67, 'Crustose coralline algae': 0.0}"
Taka Rajuni,-6.6057,121.03266,2015,4,14,semi-exposed,atoll,fore reef,6,"{'Sand': 0.0, 'Other': 0.0, 'Rubble': 3.5, 'Seagrass': 0.0, 'Hard coral': 62.0, 'Macroalgae': 3.5, 'Soft coral': 4.5, 'Turf algae': 1.17, 'Cyanobacteria': 0.0, 'Bare substrate': 21.67, 'Other invertebrates': 3.67, 'Crustose coralline algae': 0.0}"
Taka Sirobe,-6.64884,121.20457,2015,4,7,exposed,atoll,fore reef,5.5,"{'Sand': 5.5, 'Other': 0.0, 'Rubble': 1.67, 'Seagrass': 0.17, 'Hard coral': 31.0, 'Macroalgae': 2.17, 'Soft coral': 24.17, 'Turf algae': 0.0, 'Cyanobacteria': 0.0, 'Bare substrate': 32.33, 'Other invertebrates': 3.0, 'Crustose coralline algae': 0.0}"
Taka Taburi,-6.843416998,121.286401,2015,4,23,semi-exposed,fringing,fore reef,5,"{'Sand': 7.33, 'Other': 0.0, 'Rubble': 2.33, 'Seagrass': 0.0, 'Hard coral': 45.67, 'Macroalgae': 3.5, 'Soft coral': 9.5, 'Turf algae': 1.0, 'Cyanobacteria': 0.0, 'Bare substrate': 27.33, 'Other invertebrates': 3.33, 'Crustose coralline algae': 0.0}"
Taka Takere,-6.68496,121.20734,2015,4,7,exposed,fringing,fore reef,5,"{'Sand': 12.67, 'Other': 0.0, 'Rubble': 5.5, 'Seagrass': 0.0, 'Hard coral': 16.17, 'Macroalgae': 1.0, 'Soft coral': 23.5, 'Turf algae': 0.0, 'Cyanobacteria': 0.0, 'Bare substrate': 38.67, 'Other invertebrates': 2.5, 'Crustose coralline algae': 0.0}"
Tambuna Besar,-7.01067,121.20885,2015,4,21,exposed,atoll,fore reef,6,"{'Sand': 12.0, 'Other': 0.0, 'Rubble': 21.5, 'Seagrass': 0.0, 'Hard coral': 25.67, 'Macroalgae': 1.83, 'Soft coral': 7.17, 'Turf algae': 0.83, 'Cyanobacteria': 0.0, 'Bare substrate': 17.67, 'Other invertebrates': 13.33, 'Crustose coralline algae': 0.0}"
Tarupa Besar,-6.50876,121.1272,2015,4,12,semi-exposed,atoll,fore reef,5.5,"{'Sand': 15.0, 'Other': 0.0, 'Rubble': 5.5, 'Seagrass': 9.5, 'Hard coral': 31.83, 'Macroalgae': 1.33, 'Soft coral': 12.5, 'Turf algae': 0.5, 'Cyanobacteria': 0.0, 'Bare substrate': 14.0, 'Other invertebrates': 9.83, 'Crustose coralline algae': 0.0}"
Tarupa Kecil,-6.451674001,121.138145,2015,4,12,exposed,atoll,fore reef,5.5,"{'Sand': 5.33, 'Other': 0.0, 'Rubble': 12.0, 'Seagrass': 0.0, 'Hard coral': 25.5, 'Macroalgae': 3.67, 'Soft coral': 17.83, 'Turf algae': 0.0, 'Cyanobacteria': 0.0, 'Bare substrate': 24.17, 'Other invertebrates': 11.5, 'Crustose coralline algae': 0.0}"
Tinabo Besar,-6.56134,121.10214,2015,4,6,semi-exposed,atoll,fore reef,5.5,"{'Sand': 7.33, 'Other': 0.0, 'Rubble': 1.83, 'Seagrass': 0.5, 'Hard coral': 51.67, 'Macroalgae': 0.67, 'Soft coral': 7.17, 'Turf algae': 0.0, 'Cyanobacteria': 0.0, 'Bare substrate': 23.0, 'Other invertebrates': 7.83, 'Crustose coralline algae': 0.0}"
Tinabo Kecil 1,-6.573907966,121.075189,2015,4,6,semi-exposed,atoll,fore reef,5.5,"{'Sand': 14.17, 'Other': 0.0, 'Rubble': 7.67, 'Seagrass': 0.0, 'Hard coral': 22.17, 'Macroalgae': 1.0, 'Soft coral': 24.83, 'Turf algae': 0.0, 'Cyanobacteria': 0.0, 'Bare substrate': 25.17, 'Other invertebrates': 5.0, 'Crustose coralline algae': 0.0}"
Tinabo Kecil 2,-6.564304987,121.081806,2015,4,6,semi-exposed,fringing,fore reef,5.5,"{'Sand': 3.67, 'Other': 0.0, 'Rubble': 0.5, 'Seagrass': 0.0, 'Hard coral': 25.83, 'Macroalgae': 0.0, 'Soft coral': 0.83, 'Turf algae': 0.0, 'Cyanobacteria': 0.0, 'Bare substrate': 67.5, 'Other invertebrates': 1.67, 'Crustose coralline algae': 0.0}"
Tinanja Timur,-6.55469,121.17685,2015,4,11,exposed,atoll,fore reef,5.5,"{'Sand': 6.5, 'Other': 0.0, 'Rubble': 1.5, 'Seagrass': 0.0, 'Hard coral': 25.0, 'Macroalgae': 1.0, 'Soft coral': 45.33, 'Turf algae': 2.83, 'Cyanobacteria': 0.0, 'Bare substrate': 11.5, 'Other invertebrates': 6.33, 'Crustose coralline algae': 0.0}"
Tinanja Utara,-6.541016959,121.169863,2015,4,11,semi-exposed,fringing,fore reef,5.5,"{'Sand': 9.0, 'Other': 0.0, 'Rubble': 2.83, 'Seagrass': 3.83, 'Hard coral': 3.83, 'Macroalgae': 3.67, 'Soft coral': 33.17, 'Turf algae': 11.17, 'Cyanobacteria': 0.0, 'Bare substrate': 21.33, 'Other invertebrates': 11.17, 'Crustose coralline algae': 0.0}"
Batu Putih,-5.80503,110.49186,2016,5,11,semi-exposed,fringing,back reef,9,"{'Sand': 14.25, 'Other': 0.0, 'Rubble': 8.0, 'Seagrass': 0.0, 'Hard coral': 54.5, 'Macroalgae': 4.5, 'Soft coral': 2.0, 'Turf algae': 14.0, 'Cyanobacteria': 0.0, 'Bare substrate': 0.0, 'Other invertebrates': 2.75, 'Crustose coralline algae': 0.0}"
Batu Putih,-5.80503,110.49186,2016,5,11,semi-exposed,fringing,back reef,3,"{'Sand': 1.75, 'Other': 0.0, 'Rubble': 7.0, 'Seagrass': 0.0, 'Hard coral': 39.75, 'Macroalgae': 4.0, 'Soft coral': 3.5, 'Turf algae': 41.75, 'Cyanobacteria': 0.0, 'Bare substrate': 0.0, 'Other invertebrates': 2.25, 'Crustose coralline algae': 0.0}"
Bengkoang,-5.74239,110.41747,2016,5,16,exposed,fringing,fore reef,6,"{'Sand': 0.25, 'Other': 0.0, 'Rubble': 19.38, 'Seagrass': 0.0, 'Hard coral': 46.88, 'Macroalgae': 1.0, 'Soft coral': 5.75, 'Turf algae': 25.38, 'Cyanobacteria': 0.0, 'Bare substrate': 0.0, 'Other invertebrates': 1.38, 'Crustose coralline algae': 0.0}"
Burung,-5.89102,110.34657,2016,5,17,exposed,fringing,fore reef,3,"{'Sand': 3.75, 'Other': 0.0, 'Rubble': 17.5, 'Seagrass': 0.0, 'Hard coral': 39.5, 'Macroalgae': 2.0, 'Soft coral': 9.0, 'Turf algae': 27.0, 'Cyanobacteria': 0.0, 'Bare substrate': 0.0, 'Other invertebrates': 1.25, 'Crustose coralline algae': 0.0}"
Burung,-5.89102,110.34657,2016,5,17,exposed,fringing,fore reef,8,"{'Sand': 4.25, 'Other': 0.0, 'Rubble': 26.0, 'Seagrass': 0.0, 'Hard coral': 35.25, 'Macroalgae': 4.25, 'Soft coral': 7.25, 'Turf algae': 19.75, 'Cyanobacteria': 0.0, 'Bare substrate': 0.0, 'Other invertebrates': 3.25, 'Crustose coralline algae': 0.0}"
Cemara Besar 1,-5.80675,110.37822,2016,5,16,semi-exposed,fringing,back reef,8,"{'Sand': 18.0, 'Other': 0.0, 'Rubble': 8.25, 'Seagrass': 0.0, 'Hard coral': 46.75, 'Macroalgae': 2.0, 'Soft coral': 1.0, 'Turf algae': 22.0, 'Cyanobacteria': 0.0, 'Bare substrate': 0.0, 'Other invertebrates': 2.0, 'Crustose coralline algae': 0.0}"
Cemara Besar 1,-5.80675,110.37822,2016,5,16,semi-exposed,fringing,back reef,3,"{'Sand': 0.0, 'Other': 0.0, 'Rubble': 24.5, 'Seagrass': 0.0, 'Hard coral': 53.25, 'Macroalgae': 1.25, 'Soft coral': 3.25, 'Turf algae': 17.25, 'Cyanobacteria': 0.0, 'Bare substrate': 0.0, 'Other invertebrates': 0.5, 'Crustose coralline algae': 0.0}"
Cemara Besar 2,-5.8031,110.38098,2016,5,14,semi-exposed,fringing,back reef,3,"{'Sand': 1.0, 'Other': 0.0, 'Rubble': 9.0, 'Seagrass': 0.0, 'Hard coral': 66.0, 'Macroalgae': 0.25, 'Soft coral': 0.5, 'Turf algae': 21.5, 'Cyanobacteria': 0.0, 'Bare substrate': 0.0, 'Other invertebrates': 1.75, 'Crustose coralline algae': 0.0}"
Cemara Besar 2,-5.8031,110.38098,2016,5,14,semi-exposed,fringing,back reef,8,"{'Sand': 7.0, 'Other': 0.0, 'Rubble': 5.25, 'Seagrass': 0.0, 'Hard coral': 73.0, 'Macroalgae': 0.25, 'Soft coral': 0.5, 'Turf algae': 12.5, 'Cyanobacteria': 0.0, 'Bare substrate': 0.0, 'Other invertebrates': 1.5, 'Crustose coralline algae': 0.0}"
Cemara Kecil 1,-5.83129,110.38224,2016,5,12,semi-exposed,fringing,fore reef,7,"{'Sand': 10.75, 'Other': 0.0, 'Rubble': 4.25, 'Seagrass': 0.0, 'Hard coral': 67.25, 'Macroalgae': 0.5, 'Soft coral': 0.25, 'Turf algae': 16.25, 'Cyanobacteria': 0.0, 'Bare substrate': 0.0, 'Other invertebrates': 0.75, 'Crustose coralline algae': 0.0}"
Cemara Kecil 1,-5.83129,110.38224,2016,5,12,semi-exposed,fringing,fore reef,3,"{'Sand': 1.25, 'Other': 0.0, 'Rubble': 5.75, 'Seagrass': 0.0, 'Hard coral': 64.75, 'Macroalgae': 0.0, 'Soft coral': 1.75, 'Turf algae': 26.5, 'Cyanobacteria': 0.0, 'Bare substrate': 0.0, 'Other invertebrates': 0.0, 'Crustose coralline algae': 0.0}"
Cemara Kecil 2,-5.833226,110.381165,2016,5,12,semi-exposed,fringing,fore reef,3,"{'Sand': 11.25, 'Other': 0.0, 'Rubble': 10.75, 'Seagrass': 0.0, 'Hard coral': 62.0, 'Macroalgae': 0.5, 'Soft coral': 0.25, 'Turf algae': 15.25, 'Cyanobacteria': 0.0, 'Bare substrate': 0.0, 'Other invertebrates': 0.0, 'Crustose coralline algae': 0.0}"
Cemara Kecil 2,-5.833226,110.381165,2016,5,12,semi-exposed,fringing,fore reef,9,"{'Sand': 7.25, 'Other': 0.0, 'Rubble': 14.25, 'Seagrass': 0.0, 'Hard coral': 66.0, 'Macroalgae': 2.25, 'Soft coral': 1.25, 'Turf algae': 8.25, 'Cyanobacteria': 0.0, 'Bare substrate': 0.0, 'Other invertebrates': 0.75, 'Crustose coralline algae': 0.0}"
Cendekian,-5.80419,110.55876,2016,5,8,exposed,fringing,fore reef,8,"{'Sand': 0.0, 'Other': 0.0, 'Rubble': 3.25, 'Seagrass': 0.0, 'Hard coral': 68.25, 'Macroalgae': 1.25, 'Soft coral': 2.25, 'Turf algae': 24.75, 'Cyanobacteria': 0.0, 'Bare substrate': 0.0, 'Other invertebrates': 0.25, 'Crustose coralline algae': 0.0}"
Cendekian,-5.80419,110.55876,2016,5,8,exposed,fringing,fore reef,3,"{'Sand': 0.0, 'Other': 0.0, 'Rubble': 1.25, 'Seagrass': 0.0, 'Hard coral': 40.0, 'Macroalgae': 2.25, 'Soft coral': 0.5, 'Turf algae': 56.0, 'Cyanobacteria': 0.0, 'Bare substrate': 0.0, 'Other invertebrates': 0.0, 'Crustose coralline algae': 0.0}"
Gelean,-5.88023,110.3594,2016,5,17,exposed,fringing,fore reef,9,"{'Sand': 2.5, 'Other': 0.0, 'Rubble': 7.25, 'Seagrass': 0.0, 'Hard coral': 70.25, 'Macroalgae': 5.0, 'Soft coral': 0.0, 'Turf algae': 14.0, 'Cyanobacteria': 0.0, 'Bare substrate': 0.0, 'Other invertebrates': 1.0, 'Crustose coralline algae': 0.0}"
Gelean,-5.88023,110.3594,2016,5,17,exposed,fringing,fore reef,3,"{'Sand': 0.25, 'Other': 0.0, 'Rubble': 5.75, 'Seagrass': 0.0, 'Hard coral': 61.5, 'Macroalgae': 8.0, 'Soft coral': 0.5, 'Turf algae': 24.0, 'Cyanobacteria': 0.0, 'Bare substrate': 0.0, 'Other invertebrates': 0.0, 'Crustose coralline algae': 0.0}"
Genting 1,-5.86211,110.60538,2016,5,7,sheltered,fringing,back reef,5.5,"{'Sand': 9.13, 'Other': 0.0, 'Rubble': 3.13, 'Seagrass': 0.0, 'Hard coral': 42.63, 'Macroalgae': 1.0, 'Soft coral': 6.0, 'Turf algae': 35.38, 'Cyanobacteria': 0.0, 'Bare substrate': 0.0, 'Other invertebrates': 2.75, 'Crustose coralline algae': 0.0}"
Genting 2,-5.8336,110.60616,2016,5,7,exposed,fringing,fore reef,8,"{'Sand': 0.25, 'Other': 0.0, 'Rubble': 40.25, 'Seagrass': 0.0, 'Hard coral': 33.5, 'Macroalgae': 0.5, 'Soft coral': 0.25, 'Turf algae': 25.0, 'Cyanobacteria': 0.0, 'Bare substrate': 0.0, 'Other invertebrates': 0.25, 'Crustose coralline algae': 0.0}"
Genting 2,-5.8336,110.60616,2016,5,7,exposed,fringing,fore reef,3,"{'Sand': 1.0, 'Other': 0.0, 'Rubble': 3.75, 'Seagrass': 0.0, 'Hard coral': 46.5, 'Macroalgae': 8.0, 'Soft coral': 6.75, 'Turf algae': 30.0, 'Cyanobacteria': 0.0, 'Bare substrate': 0.0, 'Other invertebrates': 4.0, 'Crustose coralline algae': 0.0}"
Genting 3,-5.84098,110.61131,2016,5,7,exposed,fringing,fore reef,8,"{'Sand': 0.0, 'Other': 0.0, 'Rubble': 2.5, 'Seagrass': 0.0, 'Hard coral': 66.25, 'Macroalgae': 0.75, 'Soft coral': 9.0, 'Turf algae': 20.0, 'Cyanobacteria': 0.0, 'Bare substrate': 0.0, 'Other invertebrates': 1.5, 'Crustose coralline algae': 0.0}"
Genting 3,-5.84098,110.61131,2016,5,7,exposed,fringing,fore reef,3,"{'Sand': 1.25, 'Other': 0.0, 'Rubble': 2.5, 'Seagrass': 0.0, 'Hard coral': 35.0, 'Macroalgae': 3.25, 'Soft coral': 1.5, 'Turf algae': 56.5, 'Cyanobacteria': 0.0, 'Bare substrate': 0.0, 'Other invertebrates': 0.0, 'Crustose coralline algae': 0.0}"
Gosong Selikur 1,-5.729274,110.204483,2016,5,20,semi-exposed,fringing,fore reef,3,"{'Sand': 0.75, 'Other': 0.0, 'Rubble': 7.25, 'Seagrass': 0.0, 'Hard coral': 55.75, 'Macroalgae': 0.25, 'Soft coral': 0.25, 'Turf algae': 35.0, 'Cyanobacteria': 0.0, 'Bare substrate': 0.0, 'Other invertebrates': 0.75, 'Crustose coralline algae': 0.0}"
Gosong Selikur 1,-5.729274,110.204483,2016,5,20,semi-exposed,fringing,fore reef,8,"{'Sand': 3.75, 'Other': 0.0, 'Rubble': 4.0, 'Seagrass': 0.0, 'Hard coral': 71.25, 'Macroalgae': 3.25, 'Soft coral': 0.25, 'Turf algae': 17.25, 'Cyanobacteria': 0.0, 'Bare substrate': 0.0, 'Other invertebrates': 0.25, 'Crustose coralline algae': 0.0}"
Gosong Selikur 2,-5.727058,110.207648,2016,5,20,semi-exposed,fringing,fore reef,8,"{'Sand': 1.25, 'Other': 0.0, 'Rubble': 8.25, 'Seagrass': 0.0, 'Hard coral': 58.75, 'Macroalgae': 0.5, 'Soft coral': 4.75, 'Turf algae': 24.0, 'Cyanobacteria': 0.0, 'Bare substrate': 0.0, 'Other invertebrates': 2.5, 'Crustose coralline algae': 0.0}"
Gosong Selikur 2,-5.727058,110.207648,2016,5,20,semi-exposed,fringing,fore reef,3,"{'Sand': 1.5, 'Other': 0.0, 'Rubble': 18.75, 'Seagrass': 0.0, 'Hard coral': 52.75, 'Macroalgae': 0.0, 'Soft coral': 2.0, 'Turf algae': 23.0, 'Cyanobacteria': 0.0, 'Bare substrate': 0.0, 'Other invertebrates': 2.0, 'Crustose coralline algae': 0.0}"
Gosong Tengah,-5.7998,110.51065,2016,5,10,exposed,fringing,fore reef,8,"{'Sand': 2.0, 'Other': 0.0, 'Rubble': 16.5, 'Seagrass': 0.0, 'Hard coral': 43.5, 'Macroalgae': 6.75, 'Soft coral': 2.5, 'Turf algae': 25.5, 'Cyanobacteria': 0.0, 'Bare substrate': 0.0, 'Other invertebrates': 3.25, 'Crustose coralline algae': 0.0}"
Gosong Tengah,-5.7998,110.51065,2016,5,10,exposed,fringing,fore reef,3,"{'Sand': 0.25, 'Other': 0.0, 'Rubble': 24.75, 'Seagrass': 0.0, 'Hard coral': 30.75, 'Macroalgae': 11.75, 'Soft coral': 0.5, 'Turf algae': 32.0, 'Cyanobacteria': 0.0, 'Bare substrate': 0.0, 'Other invertebrates': 0.0, 'Crustose coralline algae': 0.0}"
Karang Kapal,-5.89937,110.24403,2016,5,23,exposed,fringing,fore reef,9,"{'Sand': 0.0, 'Other': 0.0, 'Rubble': 10.25, 'Seagrass': 0.0, 'Hard coral': 68.25, 'Macroalgae': 2.5, 'Soft coral': 0.75, 'Turf algae': 17.0, 'Cyanobacteria': 0.0, 'Bare substrate': 0.0, 'Other invertebrates': 1.25, 'Crustose coralline algae': 0.0}"
Karang Kapal,-5.89937,110.24403,2016,5,23,exposed,fringing,fore reef,3,"{'Sand': 4.25, 'Other': 0.0, 'Rubble': 13.75, 'Seagrass': 0.0, 'Hard coral': 32.75, 'Macroalgae': 0.75, 'Soft coral': 5.5, 'Turf algae': 40.5, 'Cyanobacteria': 0.0, 'Bare substrate': 0.0, 'Other invertebrates': 2.5, 'Crustose coralline algae': 0.0}"
Karang Katang,-5.804122,110.149306,2016,5,21,exposed,fringing,fore reef,6,"{'Sand': 4.13, 'Other': 0.0, 'Rubble': 14.63, 'Seagrass': 0.0, 'Hard coral': 48.5, 'Macroalgae': 4.5, 'Soft coral': 1.25, 'Turf algae': 25.13, 'Cyanobacteria': 0.0, 'Bare substrate': 0.0, 'Other invertebrates': 1.88, 'Crustose coralline algae': 0.0}"
Katang 1,-5.798441,110.166105,2016,5,21,semi-exposed,fringing,fore reef,3,"{'Sand': 1.75, 'Other': 0.0, 'Rubble': 39.75, 'Seagrass': 0.0, 'Hard coral': 27.25, 'Macroalgae': 0.0, 'Soft coral': 4.75, 'Turf algae': 26.25, 'Cyanobacteria': 0.0, 'Bare substrate': 0.0, 'Other invertebrates': 0.25, 'Crustose coralline algae': 0.0}"
Katang 1,-5.798441,110.166105,2016,5,21,semi-exposed,fringing,fore reef,9,"{'Sand': 5.5, 'Other': 0.0, 'Rubble': 51.25, 'Seagrass': 0.0, 'Hard coral': 35.0, 'Macroalgae': 0.25, 'Soft coral': 0.5, 'Turf algae': 6.5, 'Cyanobacteria': 0.0, 'Bare substrate': 0.0, 'Other invertebrates': 1.0, 'Crustose coralline algae': 0.0}"
Katang 2,-5.802959,110.164412,2016,5,21,semi-exposed,fringing,fore reef,6,"{'Sand': 0.13, 'Other': 0.0, 'Rubble': 14.38, 'Seagrass': 0.0, 'Hard coral': 54.63, 'Macroalgae': 0.5, 'Soft coral': 0.0, 'Turf algae': 23.63, 'Cyanobacteria': 0.0, 'Bare substrate': 0.0, 'Other invertebrates': 6.75, 'Crustose coralline algae': 0.0}"
Kecil,-5.82036,110.51187,2016,5,10,exposed,fringing,back reef,9,"{'Sand': 1.0, 'Other': 0.0, 'Rubble': 18.25, 'Seagrass': 0.0, 'Hard coral': 49.5, 'Macroalgae': 1.0, 'Soft coral': 2.25, 'Turf algae': 25.75, 'Cyanobacteria': 0.0, 'Bare substrate': 0.0, 'Other invertebrates': 2.25, 'Crustose coralline algae': 0.0}"
Kecil,-5.82036,110.51187,2016,5,10,exposed,fringing,back reef,3,"{'Sand': 1.25, 'Other': 0.0, 'Rubble': 13.5, 'Seagrass': 0.0, 'Hard coral': 23.25, 'Macroalgae': 2.0, 'Soft coral': 2.5, 'Turf algae': 57.0, 'Cyanobacteria': 0.0, 'Bare substrate': 0.0, 'Other invertebrates': 0.5, 'Crustose coralline algae': 0.0}"
Kembar,-5.743575,110.19561,2016,5,20,semi-exposed,fringing,fore reef,8,"{'Sand': 3.0, 'Other': 0.0, 'Rubble': 16.5, 'Seagrass': 0.0, 'Hard coral': 44.25, 'Macroalgae': 1.25, 'Soft coral': 5.5, 'Turf algae': 26.0, 'Cyanobacteria': 0.0, 'Bare substrate': 0.0, 'Other invertebrates': 3.5, 'Crustose coralline algae': 0.0}"
Kembar,-5.743575,110.19561,2016,5,20,semi-exposed,fringing,fore reef,3,"{'Sand': 2.75, 'Other': 0.0, 'Rubble': 21.5, 'Seagrass': 0.0, 'Hard coral': 37.5, 'Macroalgae': 0.0, 'Soft coral': 11.5, 'Turf algae': 23.0, 'Cyanobacteria': 0.0, 'Bare substrate': 2.5, 'Other invertebrates': 1.25, 'Crustose coralline algae': 0.0}"
Kumbang 1,-5.771209,110.226294,2016,5,19,semi-exposed,fringing,fore reef,8,"{'Sand': 0.25, 'Other': 0.0, 'Rubble': 11.0, 'Seagrass': 0.0, 'Hard coral': 64.0, 'Macroalgae': 1.25, 'Soft coral': 1.5, 'Turf algae': 15.25, 'Cyanobacteria': 0.0, 'Bare substrate': 0.0, 'Other invertebrates': 6.75, 'Crustose coralline algae': 0.0}"
Kumbang 1,-5.771209,110.226294,2016,5,19,semi-exposed,fringing,fore reef,3,"{'Sand': 5.25, 'Other': 0.0, 'Rubble': 1.75, 'Seagrass': 0.0, 'Hard coral': 33.0, 'Macroalgae': 8.75, 'Soft coral': 1.25, 'Turf algae': 46.0, 'Cyanobacteria': 0.0, 'Bare substrate': 0.0, 'Other invertebrates': 4.0, 'Crustose coralline algae': 0.0}"
Kumbang 2,-5.774815,110.228799,2016,5,19,semi-exposed,fringing,fore reef,8,"{'Sand': 1.5, 'Other': 0.0, 'Rubble': 6.75, 'Seagrass': 0.0, 'Hard coral': 65.5, 'Macroalgae': 4.25, 'Soft coral': 1.5, 'Turf algae': 19.25, 'Cyanobacteria': 0.0, 'Bare substrate': 0.0, 'Other invertebrates': 1.25, 'Crustose coralline algae': 0.0}"
Kumbang 2,-5.774815,110.228799,2016,5,19,semi-exposed,fringing,fore reef,3,"{'Sand': 2.75, 'Other': 0.0, 'Rubble': 15.75, 'Seagrass': 0.0, 'Hard coral': 49.0, 'Macroalgae': 0.0, 'Soft coral': 6.75, 'Turf algae': 25.5, 'Cyanobacteria': 0.0, 'Bare substrate': 0.0, 'Other invertebrates': 0.25, 'Crustose coralline algae': 0.0}"
Kumbang 3,-5.775143,110.233448,2016,5,22,semi-exposed,fringing,fore reef,5.5,"{'Sand': 5.0, 'Other': 0.0, 'Rubble': 12.25, 'Seagrass': 0.0, 'Hard coral': 49.75, 'Macroalgae': 0.13, 'Soft coral': 9.0, 'Turf algae': 22.25, 'Cyanobacteria': 0.0, 'Bare substrate': 0.0, 'Other invertebrates': 1.63, 'Crustose coralline algae': 0.0}"
Legon Janten,-5.86647,110.461393,2016,5,5,semi-exposed,fringing,back reef,5.5,"{'Sand': 1.63, 'Other': 0.0, 'Rubble': 10.0, 'Seagrass': 0.0, 'Hard coral': 33.75, 'Macroalgae': 1.75, 'Soft coral': 2.25, 'Turf algae': 47.0, 'Cyanobacteria': 0.0, 'Bare substrate': 0.0, 'Other invertebrates': 3.63, 'Crustose coralline algae': 0.0}"
Legon Moto,-5.86286,110.46648,2016,5,11,semi-exposed,fringing,back reef,7,"{'Sand': 6.5, 'Other': 0.0, 'Rubble': 17.0, 'Seagrass': 0.0, 'Hard coral': 48.75, 'Macroalgae': 2.25, 'Soft coral': 1.25, 'Turf algae': 23.75, 'Cyanobacteria': 0.0, 'Bare substrate': 0.0, 'Other invertebrates': 0.5, 'Crustose coralline algae': 0.0}"
Legon Moto,-5.86286,110.46648,2016,5,11,semi-exposed,fringing,back reef,3,"{'Sand': 1.0, 'Other': 0.0, 'Rubble': 3.0, 'Seagrass': 0.0, 'Hard coral': 53.5, 'Macroalgae': 0.0, 'Soft coral': 0.0, 'Turf algae': 41.5, 'Cyanobacteria': 0.0, 'Bare substrate': 0.0, 'Other invertebrates': 1.0, 'Crustose coralline algae': 0.0}"
Menjangan Besar,-5.89806,110.43379,2016,5,6,exposed,fringing,fore reef,5.5,"{'Sand': 2.75, 'Other': 0.0, 'Rubble': 6.0, 'Seagrass': 0.0, 'Hard coral': 52.25, 'Macroalgae': 2.75, 'Soft coral': 2.25, 'Turf algae': 33.5, 'Cyanobacteria': 0.0, 'Bare substrate': 0.0, 'Other invertebrates': 0.5, 'Crustose coralline algae': 0.0}"
Menjangan Kecil,-5.90131,110.40563,2016,5,6,exposed,fringing,fore reef,5.5,"{'Sand': 4.63, 'Other': 0.0, 'Rubble': 10.75, 'Seagrass': 0.0, 'Hard coral': 40.88, 'Macroalgae': 14.0, 'Soft coral': 3.0, 'Turf algae': 24.75, 'Cyanobacteria': 0.0, 'Bare substrate': 0.0, 'Other invertebrates': 2.0, 'Crustose coralline algae': 0.0}"
Menyawakan,-5.79817,110.34733,2016,5,15,sheltered,fringing,fore reef,5.5,"{'Sand': 7.13, 'Other': 0.0, 'Rubble': 19.13, 'Seagrass': 0.0, 'Hard coral': 59.38, 'Macroalgae': 2.0, 'Soft coral': 1.13, 'Turf algae': 9.38, 'Cyanobacteria': 0.0, 'Bare substrate': 0.0, 'Other invertebrates': 1.88, 'Crustose coralline algae': 0.0}"
Nyamuk,-5.82071,110.206447,2016,5,23,exposed,fringing,fore reef,3,"{'Sand': 0.25, 'Other': 0.0, 'Rubble': 13.25, 'Seagrass': 0.0, 'Hard coral': 50.75, 'Macroalgae': 3.5, 'Soft coral': 2.25, 'Turf algae': 29.0, 'Cyanobacteria': 0.0, 'Bare substrate': 0.0, 'Other invertebrates': 1.0, 'Crustose coralline algae': 0.0}"
Nyamuk,-5.82071,110.206447,2016,5,23,exposed,fringing,fore reef,8,"{'Sand': 2.25, 'Other': 0.0, 'Rubble': 3.5, 'Seagrass': 0.0, 'Hard coral': 80.5, 'Macroalgae': 3.5, 'Soft coral': 0.25, 'Turf algae': 10.0, 'Cyanobacteria': 0.0, 'Bare substrate': 0.0, 'Other invertebrates': 0.0, 'Crustose coralline algae': 0.0}"
Pantai Nirwana,-5.8868,110.45016,2016,5,12,exposed,fringing,fore reef,8,"{'Sand': 1.75, 'Other': 0.0, 'Rubble': 12.75, 'Seagrass': 0.0, 'Hard coral': 46.5, 'Macroalgae': 6.5, 'Soft coral': 3.75, 'Turf algae': 28.0, 'Cyanobacteria': 0.0, 'Bare substrate': 0.0, 'Other invertebrates': 0.75, 'Crustose coralline algae': 0.0}"
Pantai Nirwana,-5.8868,110.45016,2016,5,12,exposed,fringing,fore reef,3,"{'Sand': 3.5, 'Other': 0.0, 'Rubble': 18.75, 'Seagrass': 0.0, 'Hard coral': 23.75, 'Macroalgae': 0.0, 'Soft coral': 0.25, 'Turf algae': 52.0, 'Cyanobacteria': 0.0, 'Bare substrate': 0.0, 'Other invertebrates': 1.75, 'Crustose coralline algae': 0.0}"
Parang 1,-5.755273,110.260433,2016,5,22,semi-exposed,fringing,fore reef,5.5,"{'Sand': 5.38, 'Other': 0.0, 'Rubble': 18.25, 'Seagrass': 0.0, 'Hard coral': 42.88, 'Macroalgae': 0.38, 'Soft coral': 2.13, 'Turf algae': 29.88, 'Cyanobacteria': 0.0, 'Bare substrate': 0.0, 'Other invertebrates': 1.13, 'Crustose coralline algae': 0.0}"
Parang 2,-5.7680110000000004,110.258263,2016,5,22,semi-exposed,fringing,fore reef,5.5,"{'Sand': 5.0, 'Other': 0.0, 'Rubble': 19.25, 'Seagrass': 0.0, 'Hard coral': 50.38, 'Macroalgae': 1.38, 'Soft coral': 4.0, 'Turf algae': 18.5, 'Cyanobacteria': 0.0, 'Bare substrate': 0.0, 'Other invertebrates': 1.5, 'Crustose coralline algae': 0.0}"
Sintok 1,-5.78476,110.51927,2016,5,8,exposed,fringing,fore reef,3,"{'Sand': 0.25, 'Other': 0.0, 'Rubble': 14.75, 'Seagrass': 0.0, 'Hard coral': 43.5, 'Macroalgae': 20.0, 'Soft coral': 0.5, 'Turf algae': 21.0, 'Cyanobacteria': 0.0, 'Bare substrate': 0.0, 'Other invertebrates': 0.0, 'Crustose coralline algae': 0.0}"
Sintok 1,-5.78476,110.51927,2016,5,8,exposed,fringing,fore reef,8,"{'Sand': 0.5, 'Other': 0.0, 'Rubble': 3.5, 'Seagrass': 0.0, 'Hard coral': 53.75, 'Macroalgae': 3.75, 'Soft coral': 5.5, 'Turf algae': 31.0, 'Cyanobacteria': 0.0, 'Bare substrate': 0.0, 'Other invertebrates': 2.0, 'Crustose coralline algae': 0.0}"
Sintok 2,-5.78817,110.51389,2016,5,8,exposed,fringing,fore reef,3,"{'Sand': 0.0, 'Other': 0.0, 'Rubble': 6.5, 'Seagrass': 0.0, 'Hard coral': 43.5, 'Macroalgae': 1.5, 'Soft coral': 0.25, 'Turf algae': 47.75, 'Cyanobacteria': 0.0, 'Bare substrate': 0.0, 'Other invertebrates': 0.5, 'Crustose coralline algae': 0.0}"
Sintok 2,-5.78817,110.51389,2016,5,8,exposed,fringing,fore reef,8,"{'Sand': 2.0, 'Other': 0.0, 'Rubble': 10.25, 'Seagrass': 0.0, 'Hard coral': 55.25, 'Macroalgae': 3.5, 'Soft coral': 0.5, 'Turf algae': 25.25, 'Cyanobacteria': 0.0, 'Bare substrate': 0.0, 'Other invertebrates': 3.25, 'Crustose coralline algae': 0.0}"
Taka Malang E,-5.822472,110.438789,2016,5,14,exposed,fringing,fore reef,5.5,"{'Sand': 6.63, 'Other': 0.0, 'Rubble': 11.25, 'Seagrass': 0.0, 'Hard coral': 59.25, 'Macroalgae': 0.0, 'Soft coral': 0.0, 'Turf algae': 21.5, 'Cyanobacteria': 0.0, 'Bare substrate': 0.0, 'Other invertebrates': 1.38, 'Crustose coralline algae': 0.0}"
Taka Malang W,-5.82071,110.438853,2016,5,14,exposed,fringing,fore reef,3,"{'Sand': 0.5, 'Other': 0.0, 'Rubble': 9.5, 'Seagrass': 0.0, 'Hard coral': 50.25, 'Macroalgae': 0.0, 'Soft coral': 0.25, 'Turf algae': 38.75, 'Cyanobacteria': 0.0, 'Bare substrate': 0.0, 'Other invertebrates': 0.75, 'Crustose coralline algae': 0.0}"
Taka Malang W,-5.82071,110.438853,2016,5,14,exposed,fringing,fore reef,8,"{'Sand': 1.5, 'Other': 0.0, 'Rubble': 11.5, 'Seagrass': 0.0, 'Hard coral': 59.0, 'Macroalgae': 0.0, 'Soft coral': 0.25, 'Turf algae': 26.5, 'Cyanobacteria': 0.0, 'Bare substrate': 0.0, 'Other invertebrates': 1.25, 'Crustose coralline algae': 0.0}"
Taka Menyawakan E,-5.76733,110.325654,2016,5,15,exposed,fringing,fore reef,9,"{'Sand': 0.75, 'Other': 0.0, 'Rubble': 7.75, 'Seagrass': 0.0, 'Hard coral': 66.0, 'Macroalgae': 0.0, 'Soft coral': 0.25, 'Turf algae': 19.25, 'Cyanobacteria': 0.0, 'Bare substrate': 0.0, 'Other invertebrates': 6.0, 'Crustose coralline algae': 0.0}"
Taka Menyawakan W,-5.766931,110.324744,2016,5,15,exposed,fringing,fore reef,7,"{'Sand': 2.75, 'Other': 0.0, 'Rubble': 10.0, 'Seagrass': 0.0, 'Hard coral': 59.75, 'Macroalgae': 0.25, 'Soft coral': 0.25, 'Turf algae': 23.5, 'Cyanobacteria': 0.0, 'Bare substrate': 0.0, 'Other invertebrates': 3.5, 'Crustose coralline algae': 0.0}"
Tanjung Dua,-5.85681,110.47279,2016,5,5,exposed,fringing,back reef,5.5,"{'Sand': 8.25, 'Other': 0.0, 'Rubble': 6.5, 'Seagrass': 0.0, 'Hard coral': 49.63, 'Macroalgae': 1.63, 'Soft coral': 0.88, 'Turf algae': 32.25, 'Cyanobacteria': 0.0, 'Bare substrate': 0.0, 'Other invertebrates': 0.88, 'Crustose coralline algae': 0.0}"
Tanjung Lemu,-5.83365,110.48852,2016,5,11,semi-exposed,fringing,back reef,3,"{'Sand': 0.0, 'Other': 0.0, 'Rubble': 2.25, 'Seagrass': 0.0, 'Hard coral': 77.0, 'Macroalgae': 0.0, 'Soft coral': 2.0, 'Turf algae': 17.75, 'Cyanobacteria': 0.0, 'Bare substrate': 0.0, 'Other invertebrates': 1.0, 'Crustose coralline algae': 0.0}"
Tanjung Lemu,-5.83365,110.48852,2016,5,11,semi-exposed,fringing,back reef,8,"{'Sand': 2.25, 'Other': 0.0, 'Rubble': 43.0, 'Seagrass': 0.0, 'Hard coral': 15.25, 'Macroalgae': 0.5, 'Soft coral': 0.25, 'Turf algae': 31.75, 'Cyanobacteria': 0.0, 'Bare substrate': 0.0, 'Other invertebrates': 7.0, 'Crustose coralline algae': 0.0}"
Tanjung Sekoci,-5.85771,110.46753,2016,5,5,semi-exposed,fringing,back reef,5,"{'Sand': 1.88, 'Other': 0.0, 'Rubble': 5.5, 'Seagrass': 0.0, 'Hard coral': 43.88, 'Macroalgae': 2.13, 'Soft coral': 0.88, 'Turf algae': 43.25, 'Cyanobacteria': 0.0, 'Bare substrate': 0.0, 'Other invertebrates': 2.5, 'Crustose coralline algae': 0.0}"
Tengah,-5.80877,110.51163,2016,5,10,exposed,fringing,fore reef,9,"{'Sand': 0.75, 'Other': 0.0, 'Rubble': 24.5, 'Seagrass': 0.0, 'Hard coral': 34.5, 'Macroalgae': 5.5, 'Soft coral': 0.75, 'Turf algae': 30.0, 'Cyanobacteria': 0.0, 'Bare substrate': 0.0, 'Other invertebrates': 4.0, 'Crustose coralline algae': 0.0}"
Tengah,-5.80877,110.51163,2016,5,10,exposed,fringing,fore reef,3,"{'Sand': 1.75, 'Other': 0.0, 'Rubble': 14.25, 'Seagrass': 0.0, 'Hard coral': 23.0, 'Macroalgae': 0.25, 'Soft coral': 1.5, 'Turf algae': 57.5, 'Cyanobacteria': 0.0, 'Bare substrate': 0.75, 'Other invertebrates': 1.0, 'Crustose coralline algae': 0.0}"
Batu Putih,-5.80503,110.49186,2019,3,31,semi-exposed,fringing,back reef,4.5,"{'Sand': 8.88, 'Other': 0.0, 'Rubble': 22.88, 'Seagrass': 0.0, 'Hard coral': 40.0, 'Macroalgae': 3.63, 'Soft coral': 1.38, 'Turf algae': 21.13, 'Cyanobacteria': 0.0, 'Bare substrate': 0.13, 'Other invertebrates': 2.0, 'Crustose coralline algae': 0.0}"
Bengkoang,-5.74239,110.41747,2019,4,1,exposed,fringing,fore reef,4.5,"{'Sand': 0.63, 'Other': 0.0, 'Rubble': 15.75, 'Seagrass': 0.0, 'Hard coral': 58.38, 'Macroalgae': 0.88, 'Soft coral': 3.0, 'Turf algae': 20.25, 'Cyanobacteria': 0.0, 'Bare substrate': 0.5, 'Other invertebrates': 0.63, 'Crustose coralline algae': 0.0}"
Burung,-5.89102,110.34657,2019,4,2,exposed,fringing,fore reef,5,"{'Sand': 1.38, 'Other': 0.0, 'Rubble': 17.0, 'Seagrass': 0.0, 'Hard coral': 49.88, 'Macroalgae': 1.13, 'Soft coral': 10.63, 'Turf algae': 17.63, 'Cyanobacteria': 0.0, 'Bare substrate': 0.13, 'Other invertebrates': 2.25, 'Crustose coralline algae': 0.0}"
Cemara Besar 1,-5.80675,110.37822,2019,3,30,semi-exposed,fringing,back reef,4.5,"{'Sand': 1.0, 'Other': 0.0, 'Rubble': 21.63, 'Seagrass': 0.0, 'Hard coral': 60.5, 'Macroalgae': 2.63, 'Soft coral': 0.63, 'Turf algae': 13.13, 'Cyanobacteria': 0.0, 'Bare substrate': 0.13, 'Other invertebrates': 0.38, 'Crustose coralline algae': 0.0}"
Cemara Besar 2,-5.8031,110.38098,2019,4,1,semi-exposed,fringing,back reef,4.5,"{'Sand': 1.5, 'Other': 0.0, 'Rubble': 14.63, 'Seagrass': 0.0, 'Hard coral': 65.38, 'Macroalgae': 0.63, 'Soft coral': 1.63, 'Turf algae': 15.13, 'Cyanobacteria': 0.0, 'Bare substrate': 0.0, 'Other invertebrates': 1.13, 'Crustose coralline algae': 0.0}"
Cemara Kecil 1,-5.83129,110.38224,2019,4,1,semi-exposed,fringing,fore reef,4.5,"{'Sand': 4.0, 'Other': 0.0, 'Rubble': 16.38, 'Seagrass': 0.13, 'Hard coral': 53.25, 'Macroalgae': 0.63, 'Soft coral': 0.25, 'Turf algae': 24.38, 'Cyanobacteria': 0.0, 'Bare substrate': 0.5, 'Other invertebrates': 0.5, 'Crustose coralline algae': 0.0}"
Cemara Kecil 2,-5.833226,110.381165,2019,4,3,semi-exposed,fringing,fore reef,5.5,"{'Sand': 4.63, 'Other': 0.0, 'Rubble': 12.25, 'Seagrass': 0.0, 'Hard coral': 65.75, 'Macroalgae': 1.38, 'Soft coral': 0.38, 'Turf algae': 15.38, 'Cyanobacteria': 0.0, 'Bare substrate': 0.0, 'Other invertebrates': 0.25, 'Crustose coralline algae': 0.0}"
Cendekian,-5.80419,110.55876,2019,3,27,exposed,fringing,fore reef,4.5,"{'Sand': 0.25, 'Other': 0.0, 'Rubble': 8.75, 'Seagrass': 0.0, 'Hard coral': 67.25, 'Macroalgae': 8.5, 'Soft coral': 1.63, 'Turf algae': 13.13, 'Cyanobacteria': 0.0, 'Bare substrate': 0.0, 'Other invertebrates': 0.5, 'Crustose coralline algae': 0.0}"
Gelean,-5.88023,110.3594,2019,4,2,exposed,fringing,fore reef,5,"{'Sand': 0.0, 'Other': 0.0, 'Rubble': 10.13, 'Seagrass': 0.0, 'Hard coral': 69.38, 'Macroalgae': 4.5, 'Soft coral': 1.0, 'Turf algae': 14.63, 'Cyanobacteria': 0.0, 'Bare substrate': 0.13, 'Other invertebrates': 0.25, 'Crustose coralline algae': 0.0}"
Genting 1,-5.86211,110.60538,2019,3,26,sheltered,fringing,back reef,4.5,"{'Sand': 4.38, 'Other': 0.0, 'Rubble': 27.88, 'Seagrass': 0.0, 'Hard coral': 40.88, 'Macroalgae': 0.25, 'Soft coral': 5.38, 'Turf algae': 20.25, 'Cyanobacteria': 0.0, 'Bare substrate': 0.0, 'Other invertebrates': 1.0, 'Crustose coralline algae': 0.0}"
Genting 2,-5.8336,110.60616,2019,3,26,exposed,fringing,fore reef,5,"{'Sand': 3.25, 'Other': 0.0, 'Rubble': 17.25, 'Seagrass': 0.0, 'Hard coral': 39.63, 'Macroalgae': 6.0, 'Soft coral': 5.25, 'Turf algae': 27.5, 'Cyanobacteria': 0.0, 'Bare substrate': 0.0, 'Other invertebrates': 1.13, 'Crustose coralline algae': 0.0}"
Genting 3,-5.84098,110.61131,2019,3,26,exposed,fringing,fore reef,5,"{'Sand': 0.63, 'Other': 0.0, 'Rubble': 9.88, 'Seagrass': 0.0, 'Hard coral': 62.63, 'Macroalgae': 2.88, 'Soft coral': 1.0, 'Turf algae': 22.63, 'Cyanobacteria': 0.0, 'Bare substrate': 0.0, 'Other invertebrates': 0.38, 'Crustose coralline algae': 0.0}"
Gosong Selikur 1,-5.729274,110.204483,2019,4,8,semi-exposed,fringing,fore reef,5.5,"{'Sand': 1.25, 'Other': 0.0, 'Rubble': 17.5, 'Seagrass': 0.0, 'Hard coral': 64.75, 'Macroalgae': 0.25, 'Soft coral': 0.63, 'Turf algae': 15.5, 'Cyanobacteria': 0.0, 'Bare substrate': 0.0, 'Other invertebrates': 0.13, 'Crustose coralline algae': 0.0}"
Gosong Selikur 2,-5.727058,110.207648,2019,4,8,semi-exposed,fringing,fore reef,5,"{'Sand': 1.25, 'Other': 0.0, 'Rubble': 12.25, 'Seagrass': 0.0, 'Hard coral': 67.38, 'Macroalgae': 0.63, 'Soft coral': 2.75, 'Turf algae': 14.75, 'Cyanobacteria': 0.0, 'Bare substrate': 0.0, 'Other invertebrates': 1.0, 'Crustose coralline algae': 0.0}"
Gosong Tengah,-5.7998,110.51065,2019,3,30,exposed,fringing,fore reef,5,"{'Sand': 2.25, 'Other': 0.0, 'Rubble': 19.25, 'Seagrass': 0.0, 'Hard coral': 33.25, 'Macroalgae': 9.25, 'Soft coral': 1.25, 'Turf algae': 29.38, 'Cyanobacteria': 0.0, 'Bare substrate': 0.0, 'Other invertebrates': 5.38, 'Crustose coralline algae': 0.0}"
Karang Kapal,-5.89937,110.24403,2019,4,6,exposed,fringing,fore reef,5.5,"{'Sand': 0.5, 'Other': 0.0, 'Rubble': 21.63, 'Seagrass': 0.0, 'Hard coral': 56.88, 'Macroalgae': 1.13, 'Soft coral': 0.75, 'Turf algae': 18.75, 'Cyanobacteria': 0.0, 'Bare substrate': 0.13, 'Other invertebrates': 0.25, 'Crustose coralline algae': 0.0}"
Karang Katang,-5.804122,110.149306,2019,4,7,exposed,fringing,fore reef,5,"{'Sand': 2.88, 'Other': 0.0, 'Rubble': 26.13, 'Seagrass': 0.0, 'Hard coral': 44.63, 'Macroalgae': 3.38, 'Soft coral': 1.5, 'Turf algae': 19.5, 'Cyanobacteria': 0.0, 'Bare substrate': 0.0, 'Other invertebrates': 2.0, 'Crustose coralline algae': 0.0}"
Katang 1,-5.798441,110.166105,2019,4,7,semi-exposed,fringing,fore reef,5.5,"{'Sand': 6.13, 'Other': 0.0, 'Rubble': 47.13, 'Seagrass': 0.0, 'Hard coral': 29.75, 'Macroalgae': 0.88, 'Soft coral': 1.63, 'Turf algae': 13.63, 'Cyanobacteria': 0.0, 'Bare substrate': 0.0, 'Other invertebrates': 0.88, 'Crustose coralline algae': 0.0}"
Katang 2,-5.802959,110.164412,2019,4,7,semi-exposed,fringing,fore reef,5.5,"{'Sand': 0.25, 'Other': 0.0, 'Rubble': 21.75, 'Seagrass': 0.0, 'Hard coral': 60.13, 'Macroalgae': 0.0, 'Soft coral': 0.0, 'Turf algae': 16.25, 'Cyanobacteria': 0.0, 'Bare substrate': 0.0, 'Other invertebrates': 1.63, 'Crustose coralline algae': 0.0}"
Kecil,-5.82036,110.51187,2019,3,31,exposed,fringing,back reef,4.5,"{'Sand': 2.38, 'Other': 0.0, 'Rubble': 19.25, 'Seagrass': 0.0, 'Hard coral': 40.13, 'Macroalgae': 2.0, 'Soft coral': 2.75, 'Turf algae': 32.63, 'Cyanobacteria': 0.0, 'Bare substrate': 0.0, 'Other invertebrates': 0.88, 'Crustose coralline algae': 0.0}"
Kembar,-5.743575,110.19561,2019,4,8,semi-exposed,fringing,fore reef,4.5,"{'Sand': 0.75, 'Other': 0.0, 'Rubble': 25.0, 'Seagrass': 0.0, 'Hard coral': 44.88, 'Macroalgae': 1.63, 'Soft coral': 3.0, 'Turf algae': 22.13, 'Cyanobacteria': 0.0, 'Bare substrate': 0.25, 'Other invertebrates': 2.38, 'Crustose coralline algae': 0.0}"
Kumbang 1,-5.771209,110.226294,2019,4,9,semi-exposed,fringing,fore reef,5.5,"{'Sand': 0.88, 'Other': 0.0, 'Rubble': 11.75, 'Seagrass': 0.0, 'Hard coral': 51.5, 'Macroalgae': 1.5, 'Soft coral': 1.63, 'Turf algae': 31.0, 'Cyanobacteria': 0.0, 'Bare substrate': 0.0, 'Other invertebrates': 1.75, 'Crustose coralline algae': 0.0}"
Kumbang 2,-5.774815,110.228799,2019,4,9,semi-exposed,fringing,fore reef,5,"{'Sand': 0.25, 'Other': 0.0, 'Rubble': 21.63, 'Seagrass': 0.0, 'Hard coral': 57.88, 'Macroalgae': 1.5, 'Soft coral': 3.63, 'Turf algae': 14.5, 'Cyanobacteria': 0.0, 'Bare substrate': 0.0, 'Other invertebrates': 0.63, 'Crustose coralline algae': 0.0}"
Kumbang 3,-5.775143,110.233448,2019,4,9,semi-exposed,fringing,fore reef,5.5,"{'Sand': 1.25, 'Other': 0.0, 'Rubble': 22.25, 'Seagrass': 0.0, 'Hard coral': 44.0, 'Macroalgae': 0.5, 'Soft coral': 3.5, 'Turf algae': 27.38, 'Cyanobacteria': 0.0, 'Bare substrate': 0.13, 'Other invertebrates': 1.0, 'Crustose coralline algae': 0.0}"
Legon Janten,-5.86647,110.461393,2019,3,24,semi-exposed,fringing,back reef,5,"{'Sand': 5.38, 'Other': 0.0, 'Rubble': 11.13, 'Seagrass': 0.0, 'Hard coral': 60.25, 'Macroalgae': 0.88, 'Soft coral': 0.88, 'Turf algae': 20.88, 'Cyanobacteria': 0.0, 'Bare substrate': 0.13, 'Other invertebrates': 0.5, 'Crustose coralline algae': 0.0}"
Legon Moto,-5.86286,110.46648,2019,3,24,semi-exposed,fringing,back reef,5,"{'Sand': 1.5, 'Other': 0.0, 'Rubble': 7.88, 'Seagrass': 0.0, 'Hard coral': 62.88, 'Macroalgae': 1.63, 'Soft coral': 1.13, 'Turf algae': 22.63, 'Cyanobacteria': 0.0, 'Bare substrate': 0.0, 'Other invertebrates': 2.38, 'Crustose coralline algae': 0.0}"
Menjangan Besar,-5.89806,110.43379,2019,3,28,exposed,fringing,fore reef,5.5,"{'Sand': 2.63, 'Other': 0.0, 'Rubble': 20.88, 'Seagrass': 0.0, 'Hard coral': 55.13, 'Macroalgae': 3.0, 'Soft coral': 0.88, 'Turf algae': 16.25, 'Cyanobacteria': 0.0, 'Bare substrate': 0.0, 'Other invertebrates': 1.25, 'Crustose coralline algae': 0.0}"
Menjangan Kecil,-5.90131,110.40563,2019,3,28,exposed,fringing,fore reef,5,"{'Sand': 4.0, 'Other': 0.0, 'Rubble': 21.0, 'Seagrass': 0.0, 'Hard coral': 55.13, 'Macroalgae': 1.5, 'Soft coral': 1.75, 'Turf algae': 16.0, 'Cyanobacteria': 0.0, 'Bare substrate': 0.0, 'Other invertebrates': 0.63, 'Crustose coralline algae': 0.0}"
Menyawakan,-5.79817,110.34733,2019,4,4,sheltered,fringing,fore reef,5,"{'Sand': 1.5, 'Other': 0.0, 'Rubble': 32.5, 'Seagrass': 0.0, 'Hard coral': 49.63, 'Macroalgae': 0.13, 'Soft coral': 0.63, 'Turf algae': 13.88, 'Cyanobacteria': 0.0, 'Bare substrate': 0.25, 'Other invertebrates': 1.5, 'Crustose coralline algae': 0.0}"
Nyamuk,-5.82071,110.206447,2019,4,6,exposed,fringing,fore reef,5.5,"{'Sand': 2.0, 'Other': 0.0, 'Rubble': 15.25, 'Seagrass': 0.0, 'Hard coral': 62.5, 'Macroalgae': 4.0, 'Soft coral': 0.25, 'Turf algae': 15.38, 'Cyanobacteria': 0.0, 'Bare substrate': 0.0, 'Other invertebrates': 0.63, 'Crustose coralline algae': 0.0}"
Pantai Nirwana,-5.8868,110.45016,2019,3,25,exposed,fringing,fore reef,5,"{'Sand': 5.75, 'Other': 0.0, 'Rubble': 11.75, 'Seagrass': 0.0, 'Hard coral': 37.63, 'Macroalgae': 3.0, 'Soft coral': 1.0, 'Turf algae': 39.25, 'Cyanobacteria': 0.0, 'Bare substrate': 0.13, 'Other invertebrates': 1.5, 'Crustose coralline algae': 0.0}"
Parang 1,-5.755273,110.260433,2019,4,10,semi-exposed,fringing,fore reef,5.5,"{'Sand': 3.88, 'Other': 0.0, 'Rubble': 20.5, 'Seagrass': 0.0, 'Hard coral': 43.0, 'Macroalgae': 4.13, 'Soft coral': 0.38, 'Turf algae': 27.38, 'Cyanobacteria': 0.0, 'Bare substrate': 0.0, 'Other invertebrates': 0.75, 'Crustose coralline algae': 0.0}"
Parang 2,-5.7680110000000004,110.258263,2019,4,10,semi-exposed,fringing,fore reef,5,"{'Sand': 2.5, 'Other': 0.0, 'Rubble': 28.0, 'Seagrass': 0.0, 'Hard coral': 47.88, 'Macroalgae': 0.75, 'Soft coral': 3.25, 'Turf algae': 16.75, 'Cyanobacteria': 0.0, 'Bare substrate': 0.0, 'Other invertebrates': 0.88, 'Crustose coralline algae': 0.0}"
Sintok 1,-5.78476,110.51927,2019,3,27,exposed,fringing,fore reef,5,"{'Sand': 0.38, 'Other': 0.0, 'Rubble': 6.75, 'Seagrass': 0.0, 'Hard coral': 64.13, 'Macroalgae': 11.5, 'Soft coral': 1.5, 'Turf algae': 15.25, 'Cyanobacteria': 0.0, 'Bare substrate': 0.0, 'Other invertebrates': 0.5, 'Crustose coralline algae': 0.0}"
Sintok 2,-5.78817,110.51389,2019,3,27,exposed,fringing,fore reef,5,"{'Sand': 1.38, 'Other': 0.0, 'Rubble': 27.88, 'Seagrass': 0.0, 'Hard coral': 43.0, 'Macroalgae': 0.88, 'Soft coral': 1.0, 'Turf algae': 23.88, 'Cyanobacteria': 0.0, 'Bare substrate': 0.0, 'Other invertebrates': 2.0, 'Crustose coralline algae': 0.0}"
Taka Malang E,-5.822472,110.438789,2019,4,3,exposed,fringing,fore reef,5.5,"{'Sand': 3.0, 'Other': 0.0, 'Rubble': 13.0, 'Seagrass': 0.0, 'Hard coral': 57.5, 'Macroalgae': 0.13, 'Soft coral': 0.38, 'Turf algae': 25.63, 'Cyanobacteria': 0.0, 'Bare substrate': 0.0, 'Other invertebrates': 0.38, 'Crustose coralline algae': 0.0}"
Taka Malang W,-5.82071,110.438853,2019,4,3,exposed,fringing,fore reef,4.5,"{'Sand': 0.25, 'Other': 0.0, 'Rubble': 13.88, 'Seagrass': 0.0, 'Hard coral': 64.88, 'Macroalgae': 0.0, 'Soft coral': 0.25, 'Turf algae': 19.88, 'Cyanobacteria': 0.0, 'Bare substrate': 0.38, 'Other invertebrates': 0.5, 'Crustose coralline algae': 0.0}"
Taka Menyawakan E,-5.76733,110.325654,2019,4,4,exposed,fringing,fore reef,7,"{'Sand': 0.0, 'Other': 0.0, 'Rubble': 0.75, 'Seagrass': 0.0, 'Hard coral': 68.0, 'Macroalgae': 0.25, 'Soft coral': 3.25, 'Turf algae': 16.25, 'Cyanobacteria': 0.0, 'Bare substrate': 0.25, 'Other invertebrates': 11.25, 'Crustose coralline algae': 0.0}"
Taka Menyawakan W,-5.766931,110.324744,2019,4,4,exposed,fringing,fore reef,7,"{'Sand': 0.5, 'Other': 0.0, 'Rubble': 8.25, 'Seagrass': 0.0, 'Hard coral': 72.5, 'Macroalgae': 0.0, 'Soft coral': 0.75, 'Turf algae': 16.5, 'Cyanobacteria': 0.0, 'Bare substrate': 0.0, 'Other invertebrates': 1.5, 'Crustose coralline algae': 0.0}"
Tanjung Dua,-5.85681,110.47279,2019,3,25,exposed,fringing,back reef,5,"{'Sand': 1.25, 'Other': 0.0, 'Rubble': 12.13, 'Seagrass': 0.0, 'Hard coral': 60.25, 'Macroalgae': 1.63, 'Soft coral': 0.5, 'Turf algae': 23.75, 'Cyanobacteria': 0.0, 'Bare substrate': 0.0, 'Other invertebrates': 0.5, 'Crustose coralline algae': 0.0}"
Tanjung Lemu,-5.83365,110.48852,2019,3,31,semi-exposed,fringing,back reef,4.5,"{'Sand': 0.0, 'Other': 0.0, 'Rubble': 34.0, 'Seagrass': 0.0, 'Hard coral': 49.0, 'Macroalgae': 0.5, 'Soft coral': 1.0, 'Turf algae': 14.13, 'Cyanobacteria': 0.0, 'Bare substrate': 0.0, 'Other invertebrates': 1.38, 'Crustose coralline algae': 0.0}"
Tanjung Sekoci,-5.85771,110.46753,2019,3,25,semi-exposed,fringing,back reef,4.5,"{'Sand': 2.5, 'Other': 0.0, 'Rubble': 14.0, 'Seagrass': 0.0, 'Hard coral': 52.75, 'Macroalgae': 4.63, 'Soft coral': 1.25, 'Turf algae': 22.5, 'Cyanobacteria': 0.0, 'Bare substrate': 0.0, 'Other invertebrates': 2.38, 'Crustose coralline algae': 0.0}"
Tengah,-5.80877,110.51163,2019,3,30,exposed,fringing,fore reef,5,"{'Sand': 0.75, 'Other': 0.0, 'Rubble': 37.5, 'Seagrass': 0.0, 'Hard coral': 35.0, 'Macroalgae': 4.25, 'Soft coral': 1.5, 'Turf algae': 18.75, 'Cyanobacteria': 0.0, 'Bare substrate': 0.25, 'Other invertebrates': 2.0, 'Crustose coralline algae': 0.0}"
KAPUN2,-5.18717,122.73701,2021,3,30,exposed,fringing,channel,6,"{'Sand': 2.67, 'Other': 0.0, 'Rubble': 0.0, 'Seagrass': 0.0, 'Hard coral': 68.67, 'Macroalgae': 0.0, 'Soft coral': 0.0, 'Turf algae': 0.0, 'Cyanobacteria': 0.0, 'Bare substrate': 28.0, 'Other invertebrates': 0.67, 'Crustose coralline algae': 0.0}"
KAPUN3,-5.20359,122.72163,2021,3,30,exposed,fringing,channel,7.33,"{'Sand': 0.0, 'Other': 0.0, 'Rubble': 0.0, 'Seagrass': 0.0, 'Hard coral': 30.33, 'Macroalgae': 0.0, 'Soft coral': 0.0, 'Turf algae': 0.0, 'Cyanobacteria': 0.0, 'Bare substrate': 69.33, 'Other invertebrates': 0.33, 'Crustose coralline algae': 0.0}"
KAPUN4,-5.25015,122.70133,2021,3,29,exposed,fringing,channel,5,"{'Sand': 19.67, 'Other': 0.0, 'Rubble': 0.0, 'Seagrass': 0.0, 'Hard coral': 62.0, 'Macroalgae': 0.0, 'Soft coral': 0.0, 'Turf algae': 0.0, 'Cyanobacteria': 0.0, 'Bare substrate': 15.67, 'Other invertebrates': 2.67, 'Crustose coralline algae': 0.0}"
KAPUN6,-5.28555,122.68118,2021,3,29,exposed,fringing,channel,5,"{'Sand': 14.67, 'Other': 0.0, 'Rubble': 0.0, 'Seagrass': 0.0, 'Hard coral': 55.67, 'Macroalgae': 0.0, 'Soft coral': 1.67, 'Turf algae': 0.0, 'Cyanobacteria': 0.0, 'Bare substrate': 22.33, 'Other invertebrates': 5.67, 'Crustose coralline algae': 0.0}"
KAPUN7,-5.23989,122.73993,2021,3,30,exposed,fringing,channel,3,"{'Sand': 62.33, 'Other': 0.0, 'Rubble': 0.0, 'Seagrass': 0.0, 'Hard coral': 29.0, 'Macroalgae': 0.0, 'Soft coral': 0.0, 'Turf algae': 0.0, 'Cyanobacteria': 0.0, 'Bare substrate': 8.67, 'Other invertebrates': 0.0, 'Crustose coralline algae': 0.0}"
KAPUN8,-5.16226,122.74267,2021,3,30,exposed,fringing,channel,7,"{'Sand': 1.0, 'Other': 0.0, 'Rubble': 0.0, 'Seagrass': 0.0, 'Hard coral': 88.67, 'Macroalgae': 0.0, 'Soft coral': 0.0, 'Turf algae': 0.0, 'Cyanobacteria': 0.0, 'Bare substrate': 9.67, 'Other invertebrates': 0.67, 'Crustose coralline algae': 0.0}"
KULIS1,-4.81342,123.12096,2021,4,11,exposed,fringing,fore reef,6,"{'Sand': 2.67, 'Other': 0.0, 'Rubble': 0.0, 'Seagrass': 0.0, 'Hard coral': 60.67, 'Macroalgae': 8.67, 'Soft coral': 2.33, 'Turf algae': 0.0, 'Cyanobacteria': 0.0, 'Bare substrate': 25.67, 'Other invertebrates': 0.0, 'Crustose coralline algae': 0.0}"
KULIS2,-4.84111,123.12006,2021,4,11,exposed,fringing,fore reef,5,"{'Sand': 0.67, 'Other': 0.0, 'Rubble': 0.0, 'Seagrass': 0.0, 'Hard coral': 55.67, 'Macroalgae': 0.33, 'Soft coral': 1.67, 'Turf algae': 0.0, 'Cyanobacteria': 0.0, 'Bare substrate': 40.0, 'Other invertebrates': 1.67, 'Crustose coralline algae': 0.0}"
KULIS3,-4.78552,123.15209,2021,4,11,exposed,fringing,fore reef,6,"{'Sand': 24.67, 'Other': 0.0, 'Rubble': 0.0, 'Seagrass': 0.0, 'Hard coral': 47.67, 'Macroalgae': 0.0, 'Soft coral': 3.0, 'Turf algae': 0.0, 'Cyanobacteria': 0.0, 'Bare substrate': 22.67, 'Other invertebrates': 2.0, 'Crustose coralline algae': 0.0}"
KULIS6,-4.83437,123.1691,2021,4,11,exposed,fringing,fore reef,6,"{'Sand': 0.33, 'Other': 0.0, 'Rubble': 0.0, 'Seagrass': 0.0, 'Hard coral': 75.67, 'Macroalgae': 0.33, 'Soft coral': 0.33, 'Turf algae': 0.0, 'Cyanobacteria': 0.0, 'Bare substrate': 20.0, 'Other invertebrates': 3.33, 'Crustose coralline algae': 0.0}"
KULIS7,-4.8075,123.167,2021,4,11,exposed,barrier,fore reef,7,"{'Sand': 1.0, 'Other': 0.0, 'Rubble': 0.0, 'Seagrass': 0.0, 'Hard coral': 74.0, 'Macroalgae': 0.33, 'Soft coral': 2.0, 'Turf algae': 0.0, 'Cyanobacteria': 0.0, 'Bare substrate': 21.33, 'Other invertebrates': 1.33, 'Crustose coralline algae': 0.0}"
KULIS8,-4.79436,123.14523,2021,4,11,exposed,barrier,fore reef,5,"{'Sand': 3.67, 'Other': 0.0, 'Rubble': 0.0, 'Seagrass': 0.0, 'Hard coral': 69.33, 'Macroalgae': 0.33, 'Soft coral': 16.0, 'Turf algae': 0.0, 'Cyanobacteria': 0.0, 'Bare substrate': 9.67, 'Other invertebrates': 1.0, 'Crustose coralline algae': 0.0}"
MAGIN1,-4.77327,122.26115,2021,4,3,exposed,fringing,fore reef,6.1,"{'Sand': 14.0, 'Other': 0.0, 'Rubble': 10.0, 'Seagrass': 0.0, 'Hard coral': 32.33, 'Macroalgae': 0.0, 'Soft coral': 7.0, 'Turf algae': 3.0, 'Cyanobacteria': 0.0, 'Bare substrate': 17.0, 'Other invertebrates': 16.67, 'Crustose coralline algae': 0.0}"
MAGIN3,-4.81858,122.291,2021,4,3,exposed,fringing,fore reef,2,"{'Sand': 73.33, 'Other': 0.0, 'Rubble': 1.33, 'Seagrass': 0.0, 'Hard coral': 2.0, 'Macroalgae': 19.67, 'Soft coral': 0.67, 'Turf algae': 1.33, 'Cyanobacteria': 0.0, 'Bare substrate': 0.0, 'Other invertebrates': 1.67, 'Crustose coralline algae': 0.0}"
MAGIN4,-4.8431,122.21632,2021,4,3,exposed,fringing,fore reef,7.3,"{'Sand': 3.0, 'Other': 0.0, 'Rubble': 1.67, 'Seagrass': 0.0, 'Hard coral': 28.33, 'Macroalgae': 3.67, 'Soft coral': 7.67, 'Turf algae': 3.67, 'Cyanobacteria': 0.0, 'Bare substrate': 33.33, 'Other invertebrates': 18.67, 'Crustose coralline algae': 0.0}"
MAGIN5,-4.86419,122.25579,2021,4,2,exposed,fringing,fore reef,6,"{'Sand': 47.67, 'Other': 0.0, 'Rubble': 3.33, 'Seagrass': 0.0, 'Hard coral': 10.33, 'Macroalgae': 0.0, 'Soft coral': 34.33, 'Turf algae': 0.0, 'Cyanobacteria': 0.0, 'Bare substrate': 0.0, 'Other invertebrates': 4.33, 'Crustose coralline algae': 0.0}"
MAGIN6,-4.93512,122.32075,2021,4,2,exposed,fringing,fore reef,3.5,"{'Sand': 68.33, 'Other': 0.0, 'Rubble': 0.0, 'Seagrass': 4.67, 'Hard coral': 4.33, 'Macroalgae': 1.33, 'Soft coral': 5.33, 'Turf algae': 0.0, 'Cyanobacteria': 0.0, 'Bare substrate': 10.33, 'Other invertebrates': 5.67, 'Crustose coralline algae': 0.0}"
MAGIN7,-4.88772,122.28965,2021,4,2,exposed,fringing,fore reef,4,"{'Sand': 17.0, 'Other': 0.0, 'Rubble': 1.0, 'Seagrass': 16.67, 'Hard coral': 9.33, 'Macroalgae': 16.67, 'Soft coral': 5.0, 'Turf algae': 1.0, 'Cyanobacteria': 0.0, 'Bare substrate': 8.33, 'Other invertebrates': 25.0, 'Crustose coralline algae': 0.0}"
MATAO1,-4.91954,122.08707,2021,4,5,exposed,fringing,fore reef,10,"{'Sand': 16.33, 'Other': 0.0, 'Rubble': 50.67, 'Seagrass': 0.0, 'Hard coral': 25.33, 'Macroalgae': 0.0, 'Soft coral': 0.0, 'Turf algae': 0.0, 'Cyanobacteria': 0.0, 'Bare substrate': 6.33, 'Other invertebrates': 1.33, 'Crustose coralline algae': 0.0}"
MATAO2,-4.88977,122.05219,2021,4,5,exposed,fringing,fore reef,10,"{'Sand': 42.0, 'Other': 0.0, 'Rubble': 27.67, 'Seagrass': 0.0, 'Hard coral': 12.67, 'Macroalgae': 0.33, 'Soft coral': 10.0, 'Turf algae': 0.0, 'Cyanobacteria': 0.0, 'Bare substrate': 7.0, 'Other invertebrates': 0.33, 'Crustose coralline algae': 0.0}"
MATAO4,-4.84567,122.11833,2021,4,4,exposed,fringing,fore reef,10,"{'Sand': 24.0, 'Other': 0.0, 'Rubble': 36.0, 'Seagrass': 0.0, 'Hard coral': 4.0, 'Macroalgae': 2.33, 'Soft coral': 6.67, 'Turf algae': 0.0, 'Cyanobacteria': 0.0, 'Bare substrate': 17.67, 'Other invertebrates': 9.33, 'Crustose coralline algae': 0.0}"
MATAO5,-4.83917,122.14491,2021,4,3,exposed,fringing,fore reef,10,"{'Sand': 8.67, 'Other': 0.0, 'Rubble': 50.0, 'Seagrass': 0.0, 'Hard coral': 3.67, 'Macroalgae': 14.33, 'Soft coral': 11.67, 'Turf algae': 0.0, 'Cyanobacteria': 0.0, 'Bare substrate': 10.67, 'Other invertebrates': 1.0, 'Crustose coralline algae': 0.0}"
MATAO6,-4.81514,122.15236,2021,4,3,exposed,barrier,fore reef,10,"{'Sand': 11.33, 'Other': 0.0, 'Rubble': 31.33, 'Seagrass': 0.0, 'Hard coral': 5.67, 'Macroalgae': 3.67, 'Soft coral': 37.33, 'Turf algae': 0.0, 'Cyanobacteria': 0.0, 'Bare substrate': 8.33, 'Other invertebrates': 2.33, 'Crustose coralline algae': 0.0}"
MATAO7,-4.858833,122.0601,2021,4,4,exposed,fringing,fore reef,10,"{'Sand': 48.0, 'Other': 0.0, 'Rubble': 39.33, 'Seagrass': 0.0, 'Hard coral': 3.67, 'Macroalgae': 0.0, 'Soft coral': 0.33, 'Turf algae': 0.0, 'Cyanobacteria': 0.0, 'Bare substrate': 8.67, 'Other invertebrates': 0.0, 'Crustose coralline algae': 0.0}"
MAWAS2,-5.27672,122.26852,2021,4,1,exposed,fringing,fore reef,6.33,"{'Sand': 13.33, 'Other': 0.0, 'Rubble': 0.0, 'Seagrass': 0.0, 'Hard coral': 36.67, 'Macroalgae': 9.33, 'Soft coral': 0.0, 'Turf algae': 4.67, 'Cyanobacteria': 0.0, 'Bare substrate': 36.0, 'Other invertebrates': 0.0, 'Crustose coralline algae': 0.0}"
MAWAS3,-5.28481,122.25244000000001,2021,4,1,exposed,barrier,fore reef,5,"{'Sand': 7.0, 'Other': 0.0, 'Rubble': 0.0, 'Seagrass': 0.0, 'Hard coral': 63.67, 'Macroalgae': 0.33, 'Soft coral': 0.67, 'Turf algae': 0.0, 'Cyanobacteria': 0.0, 'Bare substrate': 28.0, 'Other invertebrates': 0.33, 'Crustose coralline algae': 0.0}"
MAWAS4,-5.35652,122.25968,2021,4,1,exposed,fringing,fore reef,5,"{'Sand': 39.33, 'Other': 0.0, 'Rubble': 0.0, 'Seagrass': 0.0, 'Hard coral': 26.33, 'Macroalgae': 0.0, 'Soft coral': 2.33, 'Turf algae': 0.0, 'Cyanobacteria': 0.0, 'Bare substrate': 31.67, 'Other invertebrates': 0.33, 'Crustose coralline algae': 0.0}"
MAWAS5,-5.36989,122.26509,2021,4,1,exposed,fringing,fore reef,5,"{'Sand': 6.33, 'Other': 0.0, 'Rubble': 0.0, 'Seagrass': 0.0, 'Hard coral': 49.0, 'Macroalgae': 0.0, 'Soft coral': 4.0, 'Turf algae': 0.0, 'Cyanobacteria': 0.0, 'Bare substrate': 40.67, 'Other invertebrates': 0.0, 'Crustose coralline algae': 0.0}"
MAWAS6,-5.39834,122.27374,2021,4,1,exposed,fringing,fore reef,4,"{'Sand': 1.67, 'Other': 0.0, 'Rubble': 0.0, 'Seagrass': 0.0, 'Hard coral': 59.0, 'Macroalgae': 0.0, 'Soft coral': 1.33, 'Turf algae': 0.0, 'Cyanobacteria': 0.0, 'Bare substrate': 38.0, 'Other invertebrates': 0.0, 'Crustose coralline algae': 0.0}"
MAWAS7,-5.39842,122.3273,2021,4,1,exposed,fringing,fore reef,6,"{'Sand': 23.67, 'Other': 0.0, 'Rubble': 0.0, 'Seagrass': 0.0, 'Hard coral': 29.33, 'Macroalgae': 0.0, 'Soft coral': 1.0, 'Turf algae': 0.0, 'Cyanobacteria': 0.0, 'Bare substrate': 45.0, 'Other invertebrates': 1.0, 'Crustose coralline algae': 0.0}"
MAWAS8,-5.31316,122.26286,2021,4,1,exposed,barrier,fore reef,5,"{'Sand': 30.33, 'Other': 0.0, 'Rubble': 0.0, 'Seagrass': 0.0, 'Hard coral': 23.33, 'Macroalgae': 5.0, 'Soft coral': 0.0, 'Turf algae': 0.67, 'Cyanobacteria': 0.0, 'Bare substrate': 40.67, 'Other invertebrates': 0.0, 'Crustose coralline algae': 0.0}"
MORAM1,-4.07863,122.76952,2021,3,28,sheltered,fringing,fore reef,5.33,"{'Sand': 38.0, 'Other': 0.0, 'Rubble': 38.67, 'Seagrass': 0.0, 'Hard coral': 20.67, 'Macroalgae': 1.0, 'Soft coral': 0.33, 'Turf algae': 0.0, 'Cyanobacteria': 0.0, 'Bare substrate': 1.0, 'Other invertebrates': 0.33, 'Crustose coralline algae': 0.0}"
MORAM2,-4.10858,122.80081,2021,3,28,sheltered,fringing,back reef,5,"{'Sand': 1.67, 'Other': 0.0, 'Rubble': 5.67, 'Seagrass': 0.0, 'Hard coral': 43.33, 'Macroalgae': 16.33, 'Soft coral': 3.0, 'Turf algae': 18.0, 'Cyanobacteria': 0.0, 'Bare substrate': 9.33, 'Other invertebrates': 2.67, 'Crustose coralline algae': 0.0}"
MORAM3,-4.11564,122.82211,2021,3,28,exposed,fringing,back reef,6,"{'Sand': 3.67, 'Other': 0.0, 'Rubble': 23.0, 'Seagrass': 0.0, 'Hard coral': 46.0, 'Macroalgae': 4.0, 'Soft coral': 3.0, 'Turf algae': 6.67, 'Cyanobacteria': 0.0, 'Bare substrate': 12.0, 'Other invertebrates': 1.67, 'Crustose coralline algae': 0.0}"
MORAM5,-4.15096,122.76029,2021,3,27,exposed,fringing,fore reef,6,"{'Sand': 3.33, 'Other': 0.0, 'Rubble': 6.33, 'Seagrass': 0.0, 'Hard coral': 71.0, 'Macroalgae': 2.33, 'Soft coral': 6.33, 'Turf algae': 1.0, 'Cyanobacteria': 0.0, 'Bare substrate': 9.33, 'Other invertebrates': 0.33, 'Crustose coralline algae': 0.0}"
MORAM6,-4.12624,122.72997,2021,3,27,exposed,fringing,fore reef,8,"{'Sand': 3.67, 'Other': 0.0, 'Rubble': 6.33, 'Seagrass': 0.0, 'Hard coral': 54.0, 'Macroalgae': 29.33, 'Soft coral': 1.0, 'Turf algae': 2.0, 'Cyanobacteria': 0.0, 'Bare substrate': 3.33, 'Other invertebrates': 0.33, 'Crustose coralline algae': 0.0}"
MORAM7,-4.14972,122.80367,2021,3,27,exposed,fringing,fore reef,6,"{'Sand': 7.67, 'Other': 0.0, 'Rubble': 37.33, 'Seagrass': 0.0, 'Hard coral': 46.67, 'Macroalgae': 4.67, 'Soft coral': 1.33, 'Turf algae': 1.0, 'Cyanobacteria': 0.0, 'Bare substrate': 1.0, 'Other invertebrates': 0.33, 'Crustose coralline algae': 0.0}"
NTZ1,-4.38772,122.74915,2021,4,10,sheltered,fringing,fore reef,10,"{'Sand': 76.33, 'Other': 0.0, 'Rubble': 0.67, 'Seagrass': 0.0, 'Hard coral': 8.0, 'Macroalgae': 0.0, 'Soft coral': 0.0, 'Turf algae': 0.0, 'Cyanobacteria': 0.0, 'Bare substrate': 14.67, 'Other invertebrates': 0.33, 'Crustose coralline algae': 0.0}"
NTZ2,-4.41088,122.77388,2021,4,10,exposed,fringing,fore reef,10,"{'Sand': 17.33, 'Other': 0.0, 'Rubble': 11.33, 'Seagrass': 0.0, 'Hard coral': 40.0, 'Macroalgae': 3.67, 'Soft coral': 0.33, 'Turf algae': 1.67, 'Cyanobacteria': 0.0, 'Bare substrate': 24.67, 'Other invertebrates': 1.0, 'Crustose coralline algae': 0.0}"
NTZ3,-4.4373,122.84434,2021,4,11,exposed,fringing,fore reef,6,"{'Sand': 11.67, 'Other': 0.0, 'Rubble': 33.0, 'Seagrass': 0.0, 'Hard coral': 20.0, 'Macroalgae': 15.0, 'Soft coral': 6.33, 'Turf algae': 2.33, 'Cyanobacteria': 0.0, 'Bare substrate': 11.33, 'Other invertebrates': 0.33, 'Crustose coralline algae': 0.0}"
PASIK1,-4.96714,122.7837,2021,4,4,exposed,fringing,channel,5,"{'Sand': 13.67, 'Other': 0.0, 'Rubble': 0.0, 'Seagrass': 0.0, 'Hard coral': 68.33, 'Macroalgae': 0.67, 'Soft coral': 0.33, 'Turf algae': 0.0, 'Cyanobacteria': 0.0, 'Bare substrate': 17.0, 'Other invertebrates': 0.0, 'Crustose coralline algae': 0.0}"
PASIK2,-4.9673,122.75213,2021,4,4,exposed,fringing,channel,5,"{'Sand': 1.33, 'Other': 0.0, 'Rubble': 0.0, 'Seagrass': 0.0, 'Hard coral': 56.33, 'Macroalgae': 0.0, 'Soft coral': 1.33, 'Turf algae': 0.0, 'Cyanobacteria': 0.0, 'Bare substrate': 41.0, 'Other invertebrates': 0.0, 'Crustose coralline algae': 0.0}"
PASIK3,-5.09188,122.61497,2021,3,30,exposed,fringing,channel,5,"{'Sand': 5.33, 'Other': 0.0, 'Rubble': 0.0, 'Seagrass': 0.0, 'Hard coral': 55.0, 'Macroalgae': 0.0, 'Soft coral': 0.0, 'Turf algae': 0.0, 'Cyanobacteria': 0.0, 'Bare substrate': 37.33, 'Other invertebrates': 2.33, 'Crustose coralline algae': 0.0}"
PASIK4,-5.1229,122.61387,2021,3,30,exposed,fringing,channel,5,"{'Sand': 1.0, 'Other': 0.0, 'Rubble': 0.0, 'Seagrass': 0.0, 'Hard coral': 77.0, 'Macroalgae': 0.0, 'Soft coral': 0.0, 'Turf algae': 0.0, 'Cyanobacteria': 0.0, 'Bare substrate': 20.0, 'Other invertebrates': 2.0, 'Crustose coralline algae': 0.0}"
PASIK4,-5.1229,122.61387,2021,4,1,exposed,fringing,channel,5,"{'Sand': 0.0, 'Other': 0.0, 'Rubble': 0.0, 'Seagrass': 0.0, 'Hard coral': 74.0, 'Macroalgae': 0.0, 'Soft coral': 0.0, 'Turf algae': 1.0, 'Cyanobacteria': 0.0, 'Bare substrate': 25.0, 'Other invertebrates': 0.0, 'Crustose coralline algae': 0.0}"
PASIK4,-5.1229,122.61387,2021,4,18,exposed,fringing,channel,5,"{'Sand': 0.0, 'Other': 0.0, 'Rubble': 0.0, 'Seagrass': 0.0, 'Hard coral': 74.0, 'Macroalgae': 0.0, 'Soft coral': 1.0, 'Turf algae': 0.0, 'Cyanobacteria': 0.0, 'Bare substrate': 25.0, 'Other invertebrates': 0.0, 'Crustose coralline algae': 0.0}"
PASIK5,-5.18488,122.61737,2021,4,18,exposed,fringing,channel,7,"{'Sand': 0.0, 'Other': 0.0, 'Rubble': 0.0, 'Seagrass': 0.0, 'Hard coral': 73.0, 'Macroalgae': 0.0, 'Soft coral': 0.0, 'Turf algae': 0.0, 'Cyanobacteria': 0.0, 'Bare substrate': 27.0, 'Other invertebrates': 0.0, 'Crustose coralline algae': 0.0}"
PASIK6,-5.05122,122.73442,2021,3,30,exposed,fringing,channel,8,"{'Sand': 8.67, 'Other': 0.0, 'Rubble': 0.0, 'Seagrass': 0.0, 'Hard coral': 72.67, 'Macroalgae': 0.33, 'Soft coral': 0.0, 'Turf algae': 0.0, 'Cyanobacteria': 0.0, 'Bare substrate': 17.67, 'Other invertebrates': 0.67, 'Crustose coralline algae': 0.0}"
PASIK8,-5.09813,122.72398,2021,3,30,exposed,fringing,channel,8,"{'Sand': 14.0, 'Other': 0.0, 'Rubble': 0.0, 'Seagrass': 0.0, 'Hard coral': 47.0, 'Macroalgae': 0.0, 'Soft coral': 0.0, 'Turf algae': 0.0, 'Cyanobacteria': 0.0, 'Bare substrate': 37.67, 'Other invertebrates': 1.33, 'Crustose coralline algae': 0.0}"
SAGOR1,-5.34738,121.78023,2021,4,7,exposed,fringing,fore reef,10,"{'Sand': 19.33, 'Other': 0.0, 'Rubble': 40.0, 'Seagrass': 0.0, 'Hard coral': 5.33, 'Macroalgae': 0.0, 'Soft coral': 3.33, 'Turf algae': 0.0, 'Cyanobacteria': 0.0, 'Bare substrate': 31.67, 'Other invertebrates': 0.33, 'Crustose coralline algae': 0.0}"
SAGOR2,-5.33695,121.75924,2021,4,7,exposed,fringing,fore reef,10,"{'Sand': 2.33, 'Other': 0.0, 'Rubble': 20.67, 'Seagrass': 0.0, 'Hard coral': 38.33, 'Macroalgae': 0.67, 'Soft coral': 24.67, 'Turf algae': 0.0, 'Cyanobacteria': 0.0, 'Bare substrate': 11.0, 'Other invertebrates': 2.33, 'Crustose coralline algae': 0.0}"
SAGOR3,-5.35974,121.73766,2021,4,7,exposed,fringing,fore reef,10,"{'Sand': 5.67, 'Other': 0.0, 'Rubble': 34.67, 'Seagrass': 0.0, 'Hard coral': 41.0, 'Macroalgae': 0.0, 'Soft coral': 2.0, 'Turf algae': 0.0, 'Cyanobacteria': 0.0, 'Bare substrate': 15.0, 'Other invertebrates': 1.67, 'Crustose coralline algae': 0.0}"
SAGOR4,-5.30793,121.76372,2021,4,6,exposed,fringing,fore reef,10,"{'Sand': 5.33, 'Other': 0.0, 'Rubble': 16.67, 'Seagrass': 0.0, 'Hard coral': 47.67, 'Macroalgae': 4.33, 'Soft coral': 1.33, 'Turf algae': 0.0, 'Cyanobacteria': 0.0, 'Bare substrate': 22.67, 'Other invertebrates': 2.0, 'Crustose coralline algae': 0.0}"
SAGOR6,-5.23678,121.76996,2021,4,7,exposed,fringing,fore reef,10,"{'Sand': 0.0, 'Other': 0.0, 'Rubble': 20.33, 'Seagrass': 0.0, 'Hard coral': 43.33, 'Macroalgae': 9.33, 'Soft coral': 0.33, 'Turf algae': 0.0, 'Cyanobacteria': 0.0, 'Bare substrate': 25.67, 'Other invertebrates': 1.0, 'Crustose coralline algae': 0.0}"
SAGOR7,-5.12458,121.81958,2021,4,5,exposed,fringing,fore reef,10,"{'Sand': 51.33, 'Other': 0.0, 'Rubble': 3.0, 'Seagrass': 0.0, 'Hard coral': 16.0, 'Macroalgae': 1.0, 'Soft coral': 8.0, 'Turf algae': 0.0, 'Cyanobacteria': 0.0, 'Bare substrate': 16.67, 'Other invertebrates': 4.0, 'Crustose coralline algae': 0.0}"
SIOMP1,-5.68043,122.45918,2021,4,2,exposed,fringing,fore reef,4,"{'Sand': 0.0, 'Other': 0.0, 'Rubble': 0.0, 'Seagrass': 0.0, 'Hard coral': 74.67, 'Macroalgae': 0.0, 'Soft coral': 1.67, 'Turf algae': 0.0, 'Cyanobacteria': 0.0, 'Bare substrate': 23.33, 'Other invertebrates': 0.33, 'Crustose coralline algae': 0.0}"
SIOMP2,-5.66852,122.48435,2021,4,2,exposed,fringing,fore reef,5,"{'Sand': 27.67, 'Other': 0.0, 'Rubble': 0.0, 'Seagrass': 0.0, 'Hard coral': 45.67, 'Macroalgae': 0.33, 'Soft coral': 2.33, 'Turf algae': 0.0, 'Cyanobacteria': 0.0, 'Bare substrate': 20.0, 'Other invertebrates': 4.0, 'Crustose coralline algae': 0.0}"
SIOMP4,-5.68715,122.54721,2021,4,2,exposed,fringing,fore reef,5,"{'Sand': 0.67, 'Other': 0.0, 'Rubble': 0.0, 'Seagrass': 0.0, 'Hard coral': 55.0, 'Macroalgae': 0.0, 'Soft coral': 3.67, 'Turf algae': 0.0, 'Cyanobacteria': 0.0, 'Bare substrate': 40.33, 'Other invertebrates': 0.33, 'Crustose coralline algae': 0.0}"
SIOMP5,-5.6276,122.54023,2021,4,2,exposed,fringing,fore reef,6,"{'Sand': 4.0, 'Other': 0.0, 'Rubble': 0.0, 'Seagrass': 0.0, 'Hard coral': 32.33, 'Macroalgae': 0.0, 'Soft coral': 1.33, 'Turf algae': 0.0, 'Cyanobacteria': 0.0, 'Bare substrate': 62.33, 'Other invertebrates': 0.0, 'Crustose coralline algae': 0.0}"
SIOMP6,-5.62037,122.51912,2021,4,2,exposed,fringing,fore reef,5,"{'Sand': 13.0, 'Other': 0.0, 'Rubble': 0.0, 'Seagrass': 0.0, 'Hard coral': 46.67, 'Macroalgae': 0.0, 'Soft coral': 7.67, 'Turf algae': 0.0, 'Cyanobacteria': 0.0, 'Bare substrate': 32.33, 'Other invertebrates': 0.33, 'Crustose coralline algae': 0.0}"
SIOMP7,-5.65373,122.4927,2021,4,2,exposed,barrier,fore reef,5,"{'Sand': 1.0, 'Other': 0.0, 'Rubble': 0.0, 'Seagrass': 0.0, 'Hard coral': 57.33, 'Macroalgae': 0.0, 'Soft coral': 0.33, 'Turf algae': 0.0, 'Cyanobacteria': 0.0, 'Bare substrate': 41.33, 'Other invertebrates': 0.0, 'Crustose coralline algae': 0.0}"
SIONT1,-5.31553,123.20327,2021,3,28,exposed,fringing,fore reef,7,"{'Sand': 0.0, 'Other': 0.0, 'Rubble': 0.0, 'Seagrass': 0.0, 'Hard coral': 78.33, 'Macroalgae': 0.0, 'Soft coral': 1.0, 'Turf algae': 0.0, 'Cyanobacteria': 0.0, 'Bare substrate': 20.33, 'Other invertebrates': 0.33, 'Crustose coralline algae': 0.0}"
SIONT2,-5.33657,123.19466,2021,3,28,exposed,fringing,fore reef,6,"{'Sand': 11.33, 'Other': 0.0, 'Rubble': 0.0, 'Seagrass': 0.0, 'Hard coral': 39.0, 'Macroalgae': 1.67, 'Soft coral': 6.0, 'Turf algae': 0.0, 'Cyanobacteria': 0.0, 'Bare substrate': 41.67, 'Other invertebrates': 0.33, 'Crustose coralline algae': 0.0}"
SIONT3,-5.36695,123.16908,2021,3,28,exposed,fringing,fore reef,5,"{'Sand': 7.67, 'Other': 0.0, 'Rubble': 0.0, 'Seagrass': 0.0, 'Hard coral': 50.0, 'Macroalgae': 2.33, 'Soft coral': 7.67, 'Turf algae': 0.0, 'Cyanobacteria': 0.0, 'Bare substrate': 32.33, 'Other invertebrates': 0.0, 'Crustose coralline algae': 0.0}"
SIONT4,-5.38184,123.15185,2021,3,28,exposed,fringing,fore reef,5,"{'Sand': 3.67, 'Other': 0.0, 'Rubble': 0.0, 'Seagrass': 0.0, 'Hard coral': 36.33, 'Macroalgae': 0.33, 'Soft coral': 4.33, 'Turf algae': 0.0, 'Cyanobacteria': 0.0, 'Bare substrate': 55.33, 'Other invertebrates': 0.0, 'Crustose coralline algae': 0.0}"
SIONT5,-5.40467,123.11939,2021,3,28,exposed,fringing,fore reef,6,"{'Sand': 7.67, 'Other': 0.0, 'Rubble': 0.0, 'Seagrass': 0.0, 'Hard coral': 43.33, 'Macroalgae': 0.0, 'Soft coral': 15.33, 'Turf algae': 0.0, 'Cyanobacteria': 0.0, 'Bare substrate': 33.67, 'Other invertebrates': 0.0, 'Crustose coralline algae': 0.0}"
SIONT6,-5.417,123.08949,2021,3,28,exposed,fringing,fore reef,6,"{'Sand': 6.0, 'Other': 0.0, 'Rubble': 0.0, 'Seagrass': 0.0, 'Hard coral': 60.0, 'Macroalgae': 1.0, 'Soft coral': 9.67, 'Turf algae': 0.0, 'Cyanobacteria': 0.0, 'Bare substrate': 23.33, 'Other invertebrates': 0.0, 'Crustose coralline algae': 0.0}"
TALRAY1,-5.47597,121.9236,2021,4,8,exposed,fringing,fore reef,10,"{'Sand': 39.0, 'Other': 0.0, 'Rubble': 13.33, 'Seagrass': 0.0, 'Hard coral': 9.67, 'Macroalgae': 2.0, 'Soft coral': 8.67, 'Turf algae': 0.0, 'Cyanobacteria': 0.0, 'Bare substrate': 21.67, 'Other invertebrates': 5.67, 'Crustose coralline algae': 0.0}"
TALRAY2,-5.4931,121.93444,2021,4,8,exposed,fringing,fore reef,10,"{'Sand': 15.0, 'Other': 0.0, 'Rubble': 4.0, 'Seagrass': 0.0, 'Hard coral': 20.33, 'Macroalgae': 3.0, 'Soft coral': 3.33, 'Turf algae': 0.0, 'Cyanobacteria': 0.0, 'Bare substrate': 52.0, 'Other invertebrates': 2.33, 'Crustose coralline algae': 0.0}"
TALRAY3,-5.52145,121.99358,2021,4,8,exposed,fringing,fore reef,10,"{'Sand': 19.0, 'Other': 0.0, 'Rubble': 16.33, 'Seagrass': 0.0, 'Hard coral': 59.67, 'Macroalgae': 0.0, 'Soft coral': 0.33, 'Turf algae': 0.0, 'Cyanobacteria': 0.0, 'Bare substrate': 3.33, 'Other invertebrates': 1.33, 'Crustose coralline algae': 0.0}"
TALRAY4,-5.48832,122.05472,2021,4,9,exposed,fringing,channel,10,"{'Sand': 6.0, 'Other': 0.0, 'Rubble': 36.33, 'Seagrass': 0.0, 'Hard coral': 45.67, 'Macroalgae': 2.67, 'Soft coral': 0.67, 'Turf algae': 0.0, 'Cyanobacteria': 0.0, 'Bare substrate': 8.0, 'Other invertebrates': 0.67, 'Crustose coralline algae': 0.0}"
TALRAY5,-5.49253,122.07934,2021,4,9,exposed,fringing,fore reef,10,"{'Sand': 31.67, 'Other': 0.0, 'Rubble': 13.33, 'Seagrass': 0.0, 'Hard coral': 19.33, 'Macroalgae': 2.33, 'Soft coral': 3.67, 'Turf algae': 0.0, 'Cyanobacteria': 0.0, 'Bare substrate': 27.67, 'Other invertebrates': 2.0, 'Crustose coralline algae': 0.0}"
TALRAY7,-5.44763,122.04902,2021,4,9,exposed,fringing,fore reef,10,"{'Sand': 0.0, 'Other': 0.0, 'Rubble': 31.0, 'Seagrass': 0.0, 'Hard coral': 47.33, 'Macroalgae': 0.33, 'Soft coral': 1.0, 'Turf algae': 0.0, 'Cyanobacteria': 0.0, 'Bare substrate': 18.67, 'Other invertebrates': 1.67, 'Crustose coralline algae': 0.0}"
TIWOR1,-4.5773,122.30295,2021,4,5,exposed,fringing,fore reef,8.3,"{'Sand': 2.33, 'Other': 0.0, 'Rubble': 9.33, 'Seagrass': 0.0, 'Hard coral': 42.0, 'Macroalgae': 25.67, 'Soft coral': 2.33, 'Turf algae': 2.33, 'Cyanobacteria': 0.0, 'Bare substrate': 7.67, 'Other invertebrates': 8.33, 'Crustose coralline algae': 0.0}"
TIWOR2,-4.58446,122.33176,2021,4,5,exposed,fringing,fore reef,6.2,"{'Sand': 19.67, 'Other': 0.0, 'Rubble': 19.67, 'Seagrass': 0.0, 'Hard coral': 22.67, 'Macroalgae': 18.0, 'Soft coral': 1.33, 'Turf algae': 3.67, 'Cyanobacteria': 0.0, 'Bare substrate': 9.33, 'Other invertebrates': 5.67, 'Crustose coralline algae': 0.0}"
TIWOR3,-4.63096,122.33135,2021,4,5,exposed,fringing,channel,6,"{'Sand': 6.67, 'Other': 0.0, 'Rubble': 68.67, 'Seagrass': 0.0, 'Hard coral': 5.0, 'Macroalgae': 14.67, 'Soft coral': 0.0, 'Turf algae': 4.33, 'Cyanobacteria': 0.0, 'Bare substrate': 0.0, 'Other invertebrates': 0.67, 'Crustose coralline algae': 0.0}"
TIWOR4,-4.6448,122.33294,2021,4,4,exposed,fringing,channel,7.5,"{'Sand': 12.67, 'Other': 0.0, 'Rubble': 8.67, 'Seagrass': 0.0, 'Hard coral': 10.67, 'Macroalgae': 37.67, 'Soft coral': 1.67, 'Turf algae': 2.33, 'Cyanobacteria': 0.0, 'Bare substrate': 16.67, 'Other invertebrates': 9.67, 'Crustose coralline algae': 0.0}"
TIWOR6,-4.6591,122.29202,2021,4,4,exposed,fringing,fore reef,6,"{'Sand': 7.33, 'Other': 0.0, 'Rubble': 75.33, 'Seagrass': 0.33, 'Hard coral': 6.0, 'Macroalgae': 6.67, 'Soft coral': 0.0, 'Turf algae': 2.0, 'Cyanobacteria': 0.0, 'Bare substrate': 0.0, 'Other invertebrates': 2.33, 'Crustose coralline algae': 0.0}"
TIWOR7,-4.69816,122.39209,2021,4,4,exposed,fringing,fore reef,4.4,"{'Sand': 29.33, 'Other': 0.0, 'Rubble': 1.33, 'Seagrass': 0.0, 'Hard coral': 13.67, 'Macroalgae': 29.67, 'Soft coral': 3.33, 'Turf algae': 1.0, 'Cyanobacteria': 0.0, 'Bare substrate': 7.0, 'Other invertebrates': 14.67, 'Crustose coralline algae': 0.0}"
UZ1,-4.39601,122.75924,2021,4,11,sheltered,fringing,fore reef,6,"{'Sand': 17.67, 'Other': 0.0, 'Rubble': 14.33, 'Seagrass': 0.0, 'Hard coral': 39.33, 'Macroalgae': 0.0, 'Soft coral': 0.0, 'Turf algae': 0.0, 'Cyanobacteria': 0.0, 'Bare substrate': 27.0, 'Other invertebrates': 1.67, 'Crustose coralline algae': 0.0}"
UZ2,-4.42498,122.7985,2021,4,10,sheltered,fringing,fore reef,8,"{'Sand': 47.67, 'Other': 0.0, 'Rubble': 33.33, 'Seagrass': 0.0, 'Hard coral': 5.67, 'Macroalgae': 0.0, 'Soft coral': 0.0, 'Turf algae': 0.33, 'Cyanobacteria': 0.0, 'Bare substrate': 12.33, 'Other invertebrates': 0.67, 'Crustose coralline algae': 0.0}"
UZ3,-4.42284,122.86157,2021,4,11,exposed,fringing,fore reef,7,"{'Sand': 6.33, 'Other': 0.0, 'Rubble': 40.33, 'Seagrass': 0.0, 'Hard coral': 35.0, 'Macroalgae': 1.33, 'Soft coral': 0.0, 'Turf algae': 0.33, 'Cyanobacteria': 0.0, 'Bare substrate': 16.0, 'Other invertebrates': 0.67, 'Crustose coralline algae': 0.0}"
WABUL1,-5.61543,122.86898,2021,3,27,exposed,fringing,fore reef,6,"{'Sand': 11.67, 'Other': 0.0, 'Rubble': 1.0, 'Seagrass': 0.0, 'Hard coral': 43.0, 'Macroalgae': 0.67, 'Soft coral': 7.67, 'Turf algae': 0.0, 'Cyanobacteria': 0.0, 'Bare substrate': 30.67, 'Other invertebrates': 5.33, 'Crustose coralline algae': 0.0}"
WABUL5,-5.62727,122.85188,2021,3,27,exposed,fringing,fore reef,6,"{'Sand': 0.0, 'Other': 0.0, 'Rubble': 0.0, 'Seagrass': 0.0, 'Hard coral': 59.33, 'Macroalgae': 0.0, 'Soft coral': 0.67, 'Turf algae': 0.0, 'Cyanobacteria': 0.0, 'Bare substrate': 39.67, 'Other invertebrates': 0.33, 'Crustose coralline algae': 0.0}"
WABUL6,-5.63841,122.84261,2021,3,27,exposed,fringing,fore reef,6,"{'Sand': 0.33, 'Other': 0.0, 'Rubble': 0.0, 'Seagrass': 0.0, 'Hard coral': 80.0, 'Macroalgae': 0.0, 'Soft coral': 2.33, 'Turf algae': 0.0, 'Cyanobacteria': 0.0, 'Bare substrate': 17.33, 'Other invertebrates': 0.0, 'Crustose coralline algae': 0.0}"
WABUL7,-5.58892,122.88592,2021,3,27,exposed,fringing,fore reef,6,"{'Sand': 0.33, 'Other': 0.0, 'Rubble': 0.0, 'Seagrass': 0.0, 'Hard coral': 71.67, 'Macroalgae': 0.0, 'Soft coral': 2.67, 'Turf algae': 0.0, 'Cyanobacteria': 0.0, 'Bare substrate': 25.33, 'Other invertebrates': 0.0, 'Crustose coralline algae': 0.0}"
WABUL8,-5.59789,122.87903,2021,3,27,exposed,fringing,fore reef,6,"{'Sand': 1.67, 'Other': 0.0, 'Rubble': 0.0, 'Seagrass': 0.0, 'Hard coral': 71.67, 'Macroalgae': 0.0, 'Soft coral': 4.33, 'Turf algae': 0.0, 'Cyanobacteria': 0.0, 'Bare substrate': 20.0, 'Other invertebrates': 2.33, 'Crustose coralline algae': 0.0}"
WABUL9,-5.65542,122.82203,2021,3,27,exposed,fringing,fore reef,6,"{'Sand': 2.0, 'Other': 0.0, 'Rubble': 0.0, 'Seagrass': 0.0, 'Hard coral': 65.33, 'Macroalgae': 0.0, 'Soft coral': 0.33, 'Turf algae': 0.0, 'Cyanobacteria': 0.0, 'Bare substrate': 32.33, 'Other invertebrates': 0.0, 'Crustose coralline algae': 0.0}"
WAWON1,-4.01485,123.07786,2021,3,30,exposed,fringing,fore reef,6,"{'Sand': 3.33, 'Other': 0.0, 'Rubble': 7.33, 'Seagrass': 0.0, 'Hard coral': 18.0, 'Macroalgae': 8.67, 'Soft coral': 2.33, 'Turf algae': 11.33, 'Cyanobacteria': 0.0, 'Bare substrate': 42.0, 'Other invertebrates': 7.0, 'Crustose coralline algae': 0.0}"
WAWON2,-4.008,123.13557,2021,3,31,exposed,fringing,fore reef,8,"{'Sand': 8.33, 'Other': 0.0, 'Rubble': 2.67, 'Seagrass': 0.0, 'Hard coral': 52.33, 'Macroalgae': 3.0, 'Soft coral': 15.33, 'Turf algae': 1.67, 'Cyanobacteria': 0.0, 'Bare substrate': 11.67, 'Other invertebrates': 5.0, 'Crustose coralline algae': 0.0}"
WAWON4,-4.00761,123.17924,2021,3,31,exposed,fringing,fore reef,6,"{'Sand': 8.33, 'Other': 0.0, 'Rubble': 19.0, 'Seagrass': 0.0, 'Hard coral': 38.0, 'Macroalgae': 30.0, 'Soft coral': 0.67, 'Turf algae': 3.67, 'Cyanobacteria': 0.0, 'Bare substrate': 0.33, 'Other invertebrates': 0.0, 'Crustose coralline algae': 0.0}"
WAWON6,-4.02478,123.22365,2021,3,31,exposed,fringing,fore reef,8,"{'Sand': 0.33, 'Other': 0.0, 'Rubble': 25.67, 'Seagrass': 0.0, 'Hard coral': 45.67, 'Macroalgae': 1.0, 'Soft coral': 16.0, 'Turf algae': 0.33, 'Cyanobacteria': 0.0, 'Bare substrate': 7.33, 'Other invertebrates': 3.67, 'Crustose coralline algae': 0.0}"
WAWON7,-3.99474,122.9681,2021,3,30,exposed,fringing,fore reef,8,"{'Sand': 0.0, 'Other': 0.0, 'Rubble': 29.67, 'Seagrass': 0.0, 'Hard coral': 8.33, 'Macroalgae': 1.33, 'Soft coral': 10.33, 'Turf algae': 17.33, 'Cyanobacteria': 0.0, 'Bare substrate': 24.0, 'Other invertebrates': 9.0, 'Crustose coralline algae': 0.0}"
WAWON8,-3.98542,123.03827,2021,3,31,exposed,fringing,fore reef,6,"{'Sand': 1.0, 'Other': 0.0, 'Rubble': 28.67, 'Seagrass': 0.0, 'Hard coral': 47.67, 'Macroalgae': 0.33, 'Soft coral': 19.67, 'Turf algae': 2.0, 'Cyanobacteria': 0.0, 'Bare substrate': 0.33, 'Other invertebrates': 0.33, 'Crustose coralline algae': 0.0}"
